BranchId,BranchArea,productcode,Category,Category_Code,Quantity,salesdate,InvoiceId,PaymentMode,SalespersonId,manager_name,delivery_mode
BLR_B1,HSR,p1,TV-43IN,T2,3,25,INV-BLR_B1-20250925-0001,Card,EMP396,KISHORE,Pickup
BLR_B1,HSR,p3,WM-Normal,WM3,1,14,INV-BLR_B1-20250914-0002,Cash,EMP355,KISHORE,HomeDelivery
BLR_B4,EC_CITY,p1,TV-32IN,T1,1,5,INV-BLR_B4-20250905-0003,UPI,EMP395,ARUN,HomeDelivery
BLR_B1,HSR,p2,AC-1T,A1,3,18,INV-BLR_B1-20250918-0004,UPI,EMP381,KISHORE,Pickup
BLR_B3,WHITEFIELD,p2,AC-1.5T,A2,2,8,INV-BLR_B3-20250908-0005,UPI,EMP391,RAVI,Pickup
BLR_B4,EC_CITY,p3,WM-Automatic,WM1,3,14,INV-BLR_B4-20250914-0006,Cash,EMP350,ARUN,Pickup
BLR_B4,EC_CITY,p1,TV-43IN,T2,1,21,INV-BLR_B4-20250921-0007,Cash,EMP330,ARUN,HomeDelivery
BLR_B2,MAJESTIC,p2,AC-1T,A1,1,19,INV-BLR_B2-20250919-0008,Cash,EMP324,ROHIT,HomeDelivery
BLR_B3,WHITEFIELD,p2,AC-2T,A3,1,17,INV-BLR_B3-20250917-0009,Cash,EMP369,RAVI,Pickup
BLR_B2,MAJESTIC,p3,WM-Normal,WM3,3,20,INV-BLR_B2-20250920-0010,UPI,EMP322,ROHIT,HomeDelivery
BLR_B2,MAJESTIC,p1,TV-32IN,T1,3,27,INV-BLR_B2-20250927-0011,Card,EMP352,ROHIT,HomeDelivery
BLR_B3,WHITEFIELD,p3,WM-Normal,WM3,2,28,INV-BLR_B3-20250928-0012,EMI,EMP309,RAVI,HomeDelivery
BLR_B2,MAJESTIC,p4,FR-Double-Door,FR3,3,30,INV-BLR_B2-20250930-0013,EMI,EMP380,ROHIT,HomeDelivery
BLR_B4,EC_CITY,p4,FR-Big,FR2,3,20,INV-BLR_B4-20250920-0014,EMI,EMP351,ARUN,HomeDelivery
BLR_B4,EC_CITY,p2,AC-1.5T,A2,2,3,INV-BLR_B4-20250903-0015,Cash,EMP400,ARUN,Pickup
BLR_B2,MAJESTIC,p3,WM-Automatic,WM1,3,12,INV-BLR_B2-20250912-0016,Card,EMP385,ROHIT,Pickup
BLR_B4,EC_CITY,p2,AC-1.5T,A2,3,22,INV-BLR_B4-20250922-0017,Cash,EMP330,ARUN,Pickup
BLR_B1,HSR,p2,AC-1T,A1,1,13,INV-BLR_B1-20250913-0018,Card,EMP360,KISHORE,Pickup
BLR_B2,MAJESTIC,p2,AC-1.5T,A2,1,22,INV-BLR_B2-20250922-0019,EMI,EMP318,ROHIT,HomeDelivery
BLR_B1,HSR,p1,TV-85IN,T4,1,22,INV-BLR_B1-20250922-0020,Cash,EMP352,KISHORE,Pickup
BLR_B2,MAJESTIC,p4,FR-Big,FR2,3,19,INV-BLR_B2-20250919-0021,Cash,EMP366,ROHIT,Pickup
BLR_B2,MAJESTIC,p4,FR-Small,FR1,1,8,INV-BLR_B2-20250908-0022,UPI,EMP345,ROHIT,HomeDelivery
BLR_B4,EC_CITY,p1,TV-43IN,T2,1,22,INV-BLR_B4-20250922-0023,EMI,EMP356,ARUN,Pickup
BLR_B4,EC_CITY,p4,FR-Small,FR1,1,30,INV-BLR_B4-20250930-0024,Card,EMP325,ARUN,HomeDelivery
BLR_B1,HSR,p2,AC-1.5T,A2,3,3,INV-BLR_B1-20250903-0025,EMI,EMP323,KISHORE,HomeDelivery
BLR_B1,HSR,p1,TV-43IN,T2,2,15,INV-BLR_B1-20250915-0026,Cash,EMP315,KISHORE,Pickup
BLR_B1,HSR,p4,FR-Small,FR1,3,8,INV-BLR_B1-20250908-0027,EMI,EMP355,KISHORE,HomeDelivery
BLR_B2,MAJESTIC,p4,FR-Double-Door,FR3,2,6,INV-BLR_B2-20250906-0028,EMI,EMP353,ROHIT,HomeDelivery
BLR_B3,WHITEFIELD,p2,AC-1T,A1,3,27,INV-BLR_B3-20250927-0029,Card,EMP316,RAVI,Pickup
BLR_B4,EC_CITY,p3,WM-Automatic,WM1,3,30,INV-BLR_B4-20250930-0030,UPI,EMP362,ARUN,HomeDelivery
BLR_B2,MAJESTIC,p1,TV-85IN,T4,3,21,INV-BLR_B2-20250921-0031,Cash,EMP347,ROHIT,HomeDelivery
BLR_B1,HSR,p1,TV-32IN,T1,3,12,INV-BLR_B1-20250912-0032,UPI,EMP358,KISHORE,Pickup
BLR_B1,HSR,p3,WM-Semi-Automatic,WM2,2,11,INV-BLR_B1-20250911-0033,Cash,EMP356,KISHORE,Pickup
BLR_B4,EC_CITY,p2,AC-2T,A3,1,14,INV-BLR_B4-20250914-0034,Cash,EMP393,ARUN,Pickup
BLR_B3,WHITEFIELD,p4,FR-Big,FR2,1,29,INV-BLR_B3-20250929-0035,UPI,EMP393,RAVI,HomeDelivery
BLR_B4,EC_CITY,p2,AC-1T,A1,2,23,INV-BLR_B4-20250923-0036,Card,EMP351,ARUN,HomeDelivery
BLR_B4,EC_CITY,p4,FR-Small,FR1,3,6,INV-BLR_B4-20250906-0037,UPI,EMP345,ARUN,Pickup
BLR_B2,MAJESTIC,p4,FR-Big,FR2,1,16,INV-BLR_B2-20250916-0038,EMI,EMP322,ROHIT,HomeDelivery
BLR_B4,EC_CITY,p2,AC-1T,A1,1,28,INV-BLR_B4-20250928-0039,Card,EMP350,ARUN,Pickup
BLR_B3,WHITEFIELD,p3,WM-Normal,WM3,1,18,INV-BLR_B3-20250918-0040,Card,EMP395,RAVI,Pickup
BLR_B1,HSR,p2,AC-1T,A1,1,24,INV-BLR_B1-20250924-0041,EMI,EMP324,KISHORE,Pickup
BLR_B4,EC_CITY,p1,TV-32IN,T1,2,14,INV-BLR_B4-20250914-0042,Cash,EMP315,ARUN,HomeDelivery
BLR_B2,MAJESTIC,p3,WM-Semi-Automatic,WM2,3,13,INV-BLR_B2-20250913-0043,UPI,EMP368,ROHIT,HomeDelivery
BLR_B3,WHITEFIELD,p2,AC-2T,A3,1,12,INV-BLR_B3-20250912-0044,Cash,EMP335,RAVI,HomeDelivery
BLR_B4,EC_CITY,p1,TV-32IN,T1,3,11,INV-BLR_B4-20250911-0045,Cash,EMP307,ARUN,HomeDelivery
BLR_B2,MAJESTIC,p1,TV-85IN,T4,2,25,INV-BLR_B2-20250925-0046,Card,EMP343,ROHIT,HomeDelivery
BLR_B4,EC_CITY,p2,AC-1T,A1,1,14,INV-BLR_B4-20250914-0047,EMI,EMP315,ARUN,HomeDelivery
BLR_B4,EC_CITY,p1,TV-43IN,T2,2,7,INV-BLR_B4-20250907-0048,EMI,EMP302,ARUN,HomeDelivery
BLR_B3,WHITEFIELD,p4,FR-Big,FR2,3,20,INV-BLR_B3-20250920-0049,Cash,EMP368,RAVI,HomeDelivery
BLR_B3,WHITEFIELD,p4,FR-Small,FR1,3,20,INV-BLR_B3-20250920-0050,Cash,EMP311,RAVI,Pickup
BLR_B2,MAJESTIC,p4,FR-Big,FR2,2,26,INV-BLR_B2-20250926-0051,Cash,EMP330,ROHIT,Pickup
BLR_B2,MAJESTIC,p1,TV-32IN,T1,2,19,INV-BLR_B2-20250919-0052,UPI,EMP326,ROHIT,HomeDelivery
BLR_B4,EC_CITY,p3,WM-Normal,WM3,1,6,INV-BLR_B4-20250906-0053,Cash,EMP390,ARUN,Pickup
BLR_B3,WHITEFIELD,p4,FR-Small,FR1,2,3,INV-BLR_B3-20250903-0054,Card,EMP326,RAVI,Pickup
BLR_B3,WHITEFIELD,p2,AC-2T,A3,3,19,INV-BLR_B3-20250919-0055,Cash,EMP343,RAVI,HomeDelivery
BLR_B3,WHITEFIELD,p3,WM-Automatic,WM1,1,9,INV-BLR_B3-20250909-0056,Cash,EMP392,RAVI,Pickup
BLR_B2,MAJESTIC,p1,TV-43IN,T2,3,24,INV-BLR_B2-20250924-0057,Cash,EMP312,ROHIT,HomeDelivery
BLR_B3,WHITEFIELD,p1,TV-55IN,T3,2,9,INV-BLR_B3-20250909-0058,EMI,EMP333,RAVI,HomeDelivery
BLR_B1,HSR,p1,TV-43IN,T2,1,24,INV-BLR_B1-20250924-0059,Card,EMP304,KISHORE,Pickup
BLR_B3,WHITEFIELD,p3,WM-Normal,WM3,3,30,INV-BLR_B3-20250930-0060,Cash,EMP313,RAVI,Pickup
BLR_B1,HSR,p3,WM-Normal,WM3,1,1,INV-BLR_B1-20250901-0061,Card,EMP347,KISHORE,HomeDelivery
BLR_B3,WHITEFIELD,p2,AC-1.5T,A2,2,21,INV-BLR_B3-20250921-0062,UPI,EMP319,RAVI,Pickup
BLR_B2,MAJESTIC,p3,WM-Semi-Automatic,WM2,2,26,INV-BLR_B2-20250926-0063,EMI,EMP364,ROHIT,HomeDelivery
BLR_B3,WHITEFIELD,p1,TV-32IN,T1,2,17,INV-BLR_B3-20250917-0064,Cash,EMP322,RAVI,HomeDelivery
BLR_B2,MAJESTIC,p4,FR-Double-Door,FR3,3,10,INV-BLR_B2-20250910-0065,EMI,EMP322,ROHIT,Pickup
BLR_B3,WHITEFIELD,p4,FR-Big,FR2,3,30,INV-BLR_B3-20250930-0066,UPI,EMP382,RAVI,HomeDelivery
BLR_B3,WHITEFIELD,p4,FR-Double-Door,FR3,1,14,INV-BLR_B3-20250914-0067,UPI,EMP315,RAVI,Pickup
BLR_B2,MAJESTIC,p1,TV-32IN,T1,1,17,INV-BLR_B2-20250917-0068,Card,EMP305,ROHIT,HomeDelivery
BLR_B3,WHITEFIELD,p4,FR-Small,FR1,3,25,INV-BLR_B3-20250925-0069,Cash,EMP349,RAVI,Pickup
BLR_B1,HSR,p3,WM-Normal,WM3,3,17,INV-BLR_B1-20250917-0070,UPI,EMP330,KISHORE,Pickup
BLR_B1,HSR,p1,TV-55IN,T3,2,16,INV-BLR_B1-20250916-0071,Card,EMP307,KISHORE,HomeDelivery
BLR_B3,WHITEFIELD,p1,TV-32IN,T1,3,9,INV-BLR_B3-20250909-0072,Card,EMP347,RAVI,HomeDelivery
BLR_B4,EC_CITY,p4,FR-Big,FR2,3,21,INV-BLR_B4-20250921-0073,Cash,EMP309,ARUN,Pickup
BLR_B2,MAJESTIC,p2,AC-1T,A1,2,14,INV-BLR_B2-20250914-0074,UPI,EMP344,ROHIT,HomeDelivery
BLR_B4,EC_CITY,p4,FR-Big,FR2,2,10,INV-BLR_B4-20250910-0075,Cash,EMP334,ARUN,Pickup
BLR_B1,HSR,p1,TV-55IN,T3,2,25,INV-BLR_B1-20250925-0076,EMI,EMP355,KISHORE,Pickup
BLR_B4,EC_CITY,p2,AC-2T,A3,1,28,INV-BLR_B4-20250928-0077,UPI,EMP353,ARUN,Pickup
BLR_B1,HSR,p4,FR-Double-Door,FR3,2,21,INV-BLR_B1-20250921-0078,EMI,EMP363,KISHORE,HomeDelivery
BLR_B1,HSR,p1,TV-85IN,T4,2,30,INV-BLR_B1-20250930-0079,Card,EMP358,KISHORE,HomeDelivery
BLR_B1,HSR,p2,AC-2T,A3,1,29,INV-BLR_B1-20250929-0080,UPI,EMP308,KISHORE,HomeDelivery
BLR_B4,EC_CITY,p1,TV-85IN,T4,1,29,INV-BLR_B4-20250929-0081,UPI,EMP385,ARUN,Pickup
BLR_B2,MAJESTIC,p3,WM-Automatic,WM1,3,16,INV-BLR_B2-20250916-0082,Card,EMP313,ROHIT,Pickup
BLR_B2,MAJESTIC,p1,TV-32IN,T1,3,5,INV-BLR_B2-20250905-0083,Card,EMP302,ROHIT,Pickup
BLR_B2,MAJESTIC,p3,WM-Normal,WM3,2,4,INV-BLR_B2-20250904-0084,Cash,EMP355,ROHIT,HomeDelivery
BLR_B3,WHITEFIELD,p3,WM-Automatic,WM1,3,1,INV-BLR_B3-20250901-0085,UPI,EMP333,RAVI,Pickup
BLR_B1,HSR,p1,TV-55IN,T3,1,15,INV-BLR_B1-20250915-0086,Card,EMP319,KISHORE,HomeDelivery
BLR_B4,EC_CITY,p1,TV-43IN,T2,3,30,INV-BLR_B4-20250930-0087,EMI,EMP348,ARUN,HomeDelivery
BLR_B4,EC_CITY,p2,AC-2T,A3,2,25,INV-BLR_B4-20250925-0088,Card,EMP308,ARUN,Pickup
BLR_B1,HSR,p2,AC-2T,A3,3,14,INV-BLR_B1-20250914-0089,Card,EMP389,KISHORE,Pickup
BLR_B3,WHITEFIELD,p1,TV-85IN,T4,2,23,INV-BLR_B3-20250923-0090,UPI,EMP382,RAVI,HomeDelivery
BLR_B2,MAJESTIC,p2,AC-1.5T,A2,1,19,INV-BLR_B2-20250919-0091,UPI,EMP328,ROHIT,Pickup
BLR_B2,MAJESTIC,p2,AC-1.5T,A2,2,20,INV-BLR_B2-20250920-0092,EMI,EMP317,ROHIT,Pickup
BLR_B1,HSR,p1,TV-85IN,T4,3,5,INV-BLR_B1-20250905-0093,Cash,EMP349,KISHORE,HomeDelivery
BLR_B3,WHITEFIELD,p4,FR-Double-Door,FR3,3,27,INV-BLR_B3-20250927-0094,EMI,EMP309,RAVI,HomeDelivery
BLR_B1,HSR,p4,FR-Big,FR2,1,17,INV-BLR_B1-20250917-0095,UPI,EMP400,KISHORE,Pickup
BLR_B2,MAJESTIC,p4,FR-Big,FR2,2,17,INV-BLR_B2-20250917-0096,UPI,EMP306,ROHIT,HomeDelivery
BLR_B3,WHITEFIELD,p1,TV-43IN,T2,2,15,INV-BLR_B3-20250915-0097,Card,EMP373,RAVI,HomeDelivery
BLR_B4,EC_CITY,p3,WM-Semi-Automatic,WM2,3,14,INV-BLR_B4-20250914-0098,Cash,EMP313,ARUN,Pickup
BLR_B2,MAJESTIC,p3,WM-Automatic,WM1,3,8,INV-BLR_B2-20250908-0099,EMI,EMP391,ROHIT,Pickup
BLR_B4,EC_CITY,p1,TV-85IN,T4,2,14,INV-BLR_B4-20250914-0100,Card,EMP369,ARUN,HomeDelivery
BLR_B2,MAJESTIC,p2,AC-2T,A3,3,9,INV-BLR_B2-20250909-0101,EMI,EMP386,ROHIT,Pickup
BLR_B3,WHITEFIELD,p1,TV-85IN,T4,3,27,INV-BLR_B3-20250927-0102,EMI,EMP384,RAVI,Pickup
BLR_B2,MAJESTIC,p1,TV-43IN,T2,3,19,INV-BLR_B2-20250919-0103,Cash,EMP301,ROHIT,Pickup
BLR_B3,WHITEFIELD,p4,FR-Big,FR2,3,18,INV-BLR_B3-20250918-0104,UPI,EMP363,RAVI,Pickup
BLR_B4,EC_CITY,p3,WM-Semi-Automatic,WM2,2,17,INV-BLR_B4-20250917-0105,EMI,EMP311,ARUN,HomeDelivery
BLR_B1,HSR,p2,AC-2T,A3,2,13,INV-BLR_B1-20250913-0106,EMI,EMP344,KISHORE,Pickup
BLR_B3,WHITEFIELD,p3,WM-Normal,WM3,3,12,INV-BLR_B3-20250912-0107,Card,EMP313,RAVI,Pickup
BLR_B3,WHITEFIELD,p3,WM-Automatic,WM1,1,3,INV-BLR_B3-20250903-0108,Card,EMP301,RAVI,Pickup
BLR_B3,WHITEFIELD,p3,WM-Semi-Automatic,WM2,2,8,INV-BLR_B3-20250908-0109,UPI,EMP324,RAVI,HomeDelivery
BLR_B1,HSR,p4,FR-Small,FR1,2,12,INV-BLR_B1-20250912-0110,Card,EMP322,KISHORE,Pickup
BLR_B3,WHITEFIELD,p1,TV-32IN,T1,3,12,INV-BLR_B3-20250912-0111,EMI,EMP357,RAVI,Pickup
BLR_B4,EC_CITY,p4,FR-Double-Door,FR3,2,2,INV-BLR_B4-20250902-0112,Card,EMP315,ARUN,Pickup
BLR_B2,MAJESTIC,p3,WM-Automatic,WM1,3,30,INV-BLR_B2-20250930-0113,Cash,EMP316,ROHIT,HomeDelivery
BLR_B1,HSR,p1,TV-43IN,T2,3,11,INV-BLR_B1-20250911-0114,Card,EMP309,KISHORE,Pickup
BLR_B4,EC_CITY,p3,WM-Normal,WM3,1,11,INV-BLR_B4-20250911-0115,Card,EMP337,ARUN,Pickup
BLR_B4,EC_CITY,p4,FR-Small,FR1,2,18,INV-BLR_B4-20250918-0116,Card,EMP302,ARUN,Pickup
BLR_B1,HSR,p1,TV-85IN,T4,3,16,INV-BLR_B1-20250916-0117,EMI,EMP375,KISHORE,Pickup
BLR_B4,EC_CITY,p2,AC-1.5T,A2,3,28,INV-BLR_B4-20250928-0118,EMI,EMP380,ARUN,Pickup
BLR_B3,WHITEFIELD,p2,AC-2T,A3,2,16,INV-BLR_B3-20250916-0119,Card,EMP368,RAVI,Pickup
BLR_B4,EC_CITY,p4,FR-Small,FR1,3,26,INV-BLR_B4-20250926-0120,EMI,EMP332,ARUN,Pickup
BLR_B3,WHITEFIELD,p3,WM-Semi-Automatic,WM2,1,11,INV-BLR_B3-20250911-0121,EMI,EMP354,RAVI,HomeDelivery
BLR_B1,HSR,p3,WM-Automatic,WM1,2,13,INV-BLR_B1-20250913-0122,EMI,EMP302,KISHORE,Pickup
BLR_B2,MAJESTIC,p1,TV-85IN,T4,3,30,INV-BLR_B2-20250930-0123,Cash,EMP375,ROHIT,HomeDelivery
BLR_B4,EC_CITY,p4,FR-Double-Door,FR3,1,12,INV-BLR_B4-20250912-0124,UPI,EMP390,ARUN,Pickup
BLR_B2,MAJESTIC,p3,WM-Semi-Automatic,WM2,3,20,INV-BLR_B2-20250920-0125,Card,EMP382,ROHIT,Pickup
BLR_B3,WHITEFIELD,p4,FR-Big,FR2,3,16,INV-BLR_B3-20250916-0126,Cash,EMP350,RAVI,Pickup
BLR_B1,HSR,p4,FR-Big,FR2,1,15,INV-BLR_B1-20250915-0127,EMI,EMP373,KISHORE,Pickup
BLR_B4,EC_CITY,p3,WM-Normal,WM3,3,24,INV-BLR_B4-20250924-0128,Card,EMP352,ARUN,HomeDelivery
BLR_B1,HSR,p1,TV-55IN,T3,1,22,INV-BLR_B1-20250922-0129,UPI,EMP371,KISHORE,Pickup
BLR_B4,EC_CITY,p1,TV-55IN,T3,3,29,INV-BLR_B4-20250929-0130,Cash,EMP363,ARUN,Pickup
BLR_B2,MAJESTIC,p2,AC-1T,A1,2,15,INV-BLR_B2-20250915-0131,UPI,EMP334,ROHIT,HomeDelivery
BLR_B3,WHITEFIELD,p1,TV-43IN,T2,1,21,INV-BLR_B3-20250921-0132,Cash,EMP323,RAVI,HomeDelivery
BLR_B2,MAJESTIC,p3,WM-Normal,WM3,3,21,INV-BLR_B2-20250921-0133,Card,EMP366,ROHIT,Pickup
BLR_B1,HSR,p1,TV-85IN,T4,3,25,INV-BLR_B1-20250925-0134,UPI,EMP372,KISHORE,Pickup
BLR_B4,EC_CITY,p4,FR-Small,FR1,2,5,INV-BLR_B4-20250905-0135,Cash,EMP346,ARUN,Pickup
BLR_B4,EC_CITY,p3,WM-Automatic,WM1,1,21,INV-BLR_B4-20250921-0136,UPI,EMP309,ARUN,HomeDelivery
BLR_B3,WHITEFIELD,p3,WM-Automatic,WM1,3,28,INV-BLR_B3-20250928-0137,EMI,EMP304,RAVI,HomeDelivery
BLR_B3,WHITEFIELD,p3,WM-Semi-Automatic,WM2,3,3,INV-BLR_B3-20250903-0138,Cash,EMP334,RAVI,Pickup
BLR_B3,WHITEFIELD,p2,AC-1T,A1,3,18,INV-BLR_B3-20250918-0139,Card,EMP314,RAVI,Pickup
BLR_B4,EC_CITY,p3,WM-Automatic,WM1,1,25,INV-BLR_B4-20250925-0140,EMI,EMP315,ARUN,HomeDelivery
BLR_B1,HSR,p2,AC-1T,A1,2,17,INV-BLR_B1-20250917-0141,Cash,EMP370,KISHORE,Pickup
BLR_B2,MAJESTIC,p4,FR-Big,FR2,3,2,INV-BLR_B2-20250902-0142,UPI,EMP313,ROHIT,HomeDelivery
BLR_B1,HSR,p3,WM-Automatic,WM1,2,2,INV-BLR_B1-20250902-0143,Cash,EMP301,KISHORE,HomeDelivery
BLR_B2,MAJESTIC,p2,AC-2T,A3,2,27,INV-BLR_B2-20250927-0144,EMI,EMP362,ROHIT,HomeDelivery
BLR_B3,WHITEFIELD,p2,AC-1.5T,A2,1,7,INV-BLR_B3-20250907-0145,UPI,EMP359,RAVI,HomeDelivery
BLR_B1,HSR,p2,AC-2T,A3,1,7,INV-BLR_B1-20250907-0146,Cash,EMP367,KISHORE,HomeDelivery
BLR_B2,MAJESTIC,p2,AC-1.5T,A2,3,24,INV-BLR_B2-20250924-0147,Card,EMP351,ROHIT,Pickup
BLR_B1,HSR,p2,AC-2T,A3,1,1,INV-BLR_B1-20250901-0148,Cash,EMP355,KISHORE,HomeDelivery
BLR_B4,EC_CITY,p1,TV-55IN,T3,2,3,INV-BLR_B4-20250903-0149,Cash,EMP387,ARUN,Pickup
BLR_B3,WHITEFIELD,p4,FR-Double-Door,FR3,3,23,INV-BLR_B3-20250923-0150,EMI,EMP338,RAVI,HomeDelivery
BLR_B4,EC_CITY,p1,TV-55IN,T3,3,30,INV-BLR_B4-20250930-0151,Cash,EMP397,ARUN,Pickup
BLR_B2,MAJESTIC,p1,TV-85IN,T4,3,2,INV-BLR_B2-20250902-0152,Card,EMP377,ROHIT,Pickup
BLR_B1,HSR,p3,WM-Automatic,WM1,2,1,INV-BLR_B1-20250901-0153,UPI,EMP346,KISHORE,Pickup
BLR_B2,MAJESTIC,p3,WM-Automatic,WM1,3,3,INV-BLR_B2-20250903-0154,Card,EMP398,ROHIT,Pickup
BLR_B2,MAJESTIC,p4,FR-Big,FR2,3,28,INV-BLR_B2-20250928-0155,Card,EMP382,ROHIT,Pickup
BLR_B1,HSR,p3,WM-Normal,WM3,3,26,INV-BLR_B1-20250926-0156,UPI,EMP390,KISHORE,Pickup
BLR_B4,EC_CITY,p1,TV-55IN,T3,2,14,INV-BLR_B4-20250914-0157,EMI,EMP390,ARUN,HomeDelivery
BLR_B4,EC_CITY,p2,AC-1T,A1,3,9,INV-BLR_B4-20250909-0158,Cash,EMP379,ARUN,Pickup
BLR_B2,MAJESTIC,p4,FR-Double-Door,FR3,3,5,INV-BLR_B2-20250905-0159,UPI,EMP361,ROHIT,Pickup
BLR_B3,WHITEFIELD,p1,TV-85IN,T4,2,19,INV-BLR_B3-20250919-0160,EMI,EMP315,RAVI,Pickup
BLR_B1,HSR,p3,WM-Automatic,WM1,2,11,INV-BLR_B1-20250911-0161,EMI,EMP377,KISHORE,Pickup
BLR_B3,WHITEFIELD,p1,TV-32IN,T1,1,11,INV-BLR_B3-20250911-0162,EMI,EMP346,RAVI,HomeDelivery
BLR_B4,EC_CITY,p2,AC-1.5T,A2,1,2,INV-BLR_B4-20250902-0163,EMI,EMP362,ARUN,Pickup
BLR_B1,HSR,p4,FR-Big,FR2,1,25,INV-BLR_B1-20250925-0164,Cash,EMP301,KISHORE,HomeDelivery
BLR_B3,WHITEFIELD,p1,TV-85IN,T4,1,28,INV-BLR_B3-20250928-0165,Cash,EMP359,RAVI,HomeDelivery
BLR_B2,MAJESTIC,p4,FR-Big,FR2,2,20,INV-BLR_B2-20250920-0166,EMI,EMP347,ROHIT,HomeDelivery
BLR_B1,HSR,p1,TV-32IN,T1,3,11,INV-BLR_B1-20250911-0167,UPI,EMP320,KISHORE,HomeDelivery
BLR_B3,WHITEFIELD,p1,TV-85IN,T4,3,22,INV-BLR_B3-20250922-0168,Card,EMP367,RAVI,Pickup
BLR_B3,WHITEFIELD,p3,WM-Normal,WM3,1,26,INV-BLR_B3-20250926-0169,Card,EMP386,RAVI,HomeDelivery
BLR_B3,WHITEFIELD,p4,FR-Big,FR2,3,3,INV-BLR_B3-20250903-0170,EMI,EMP315,RAVI,Pickup
BLR_B1,HSR,p3,WM-Normal,WM3,3,30,INV-BLR_B1-20250930-0171,Cash,EMP316,KISHORE,Pickup
BLR_B2,MAJESTIC,p3,WM-Semi-Automatic,WM2,2,14,INV-BLR_B2-20250914-0172,UPI,EMP363,ROHIT,HomeDelivery
BLR_B2,MAJESTIC,p3,WM-Automatic,WM1,2,6,INV-BLR_B2-20250906-0173,UPI,EMP377,ROHIT,Pickup
BLR_B1,HSR,p2,AC-2T,A3,2,9,INV-BLR_B1-20250909-0174,UPI,EMP357,KISHORE,Pickup
BLR_B1,HSR,p1,TV-85IN,T4,3,7,INV-BLR_B1-20250907-0175,UPI,EMP351,KISHORE,HomeDelivery
BLR_B2,MAJESTIC,p3,WM-Semi-Automatic,WM2,3,10,INV-BLR_B2-20250910-0176,Card,EMP321,ROHIT,HomeDelivery
BLR_B3,WHITEFIELD,p4,FR-Big,FR2,1,9,INV-BLR_B3-20250909-0177,EMI,EMP347,RAVI,HomeDelivery
BLR_B1,HSR,p2,AC-2T,A3,2,26,INV-BLR_B1-20250926-0178,Card,EMP367,KISHORE,HomeDelivery
BLR_B2,MAJESTIC,p1,TV-43IN,T2,3,8,INV-BLR_B2-20250908-0179,Cash,EMP340,ROHIT,Pickup
BLR_B1,HSR,p2,AC-1T,A1,2,16,INV-BLR_B1-20250916-0180,EMI,EMP317,KISHORE,Pickup
BLR_B4,EC_CITY,p1,TV-32IN,T1,1,12,INV-BLR_B4-20250912-0181,Card,EMP399,ARUN,Pickup
BLR_B2,MAJESTIC,p2,AC-1T,A1,3,13,INV-BLR_B2-20250913-0182,EMI,EMP314,ROHIT,HomeDelivery
BLR_B2,MAJESTIC,p3,WM-Normal,WM3,3,18,INV-BLR_B2-20250918-0183,Card,EMP388,ROHIT,HomeDelivery
BLR_B3,WHITEFIELD,p4,FR-Double-Door,FR3,1,8,INV-BLR_B3-20250908-0184,Cash,EMP381,RAVI,HomeDelivery
BLR_B2,MAJESTIC,p1,TV-55IN,T3,2,14,INV-BLR_B2-20250914-0185,UPI,EMP370,ROHIT,HomeDelivery
BLR_B2,MAJESTIC,p1,TV-55IN,T3,1,23,INV-BLR_B2-20250923-0186,UPI,EMP325,ROHIT,HomeDelivery
BLR_B1,HSR,p3,WM-Normal,WM3,1,20,INV-BLR_B1-20250920-0187,Cash,EMP353,KISHORE,Pickup
BLR_B3,WHITEFIELD,p4,FR-Big,FR2,3,19,INV-BLR_B3-20250919-0188,UPI,EMP361,RAVI,Pickup
BLR_B3,WHITEFIELD,p3,WM-Automatic,WM1,3,10,INV-BLR_B3-20250910-0189,EMI,EMP349,RAVI,HomeDelivery
BLR_B2,MAJESTIC,p4,FR-Small,FR1,3,20,INV-BLR_B2-20250920-0190,UPI,EMP349,ROHIT,HomeDelivery
BLR_B3,WHITEFIELD,p3,WM-Normal,WM3,1,8,INV-BLR_B3-20250908-0191,EMI,EMP351,RAVI,Pickup
BLR_B1,HSR,p3,WM-Semi-Automatic,WM2,1,10,INV-BLR_B1-20250910-0192,EMI,EMP338,KISHORE,HomeDelivery
BLR_B3,WHITEFIELD,p3,WM-Automatic,WM1,3,7,INV-BLR_B3-20250907-0193,EMI,EMP341,RAVI,HomeDelivery
BLR_B3,WHITEFIELD,p3,WM-Automatic,WM1,2,8,INV-BLR_B3-20250908-0194,EMI,EMP333,RAVI,HomeDelivery
BLR_B2,MAJESTIC,p3,WM-Normal,WM3,2,29,INV-BLR_B2-20250929-0195,Card,EMP368,ROHIT,Pickup
BLR_B1,HSR,p1,TV-85IN,T4,1,12,INV-BLR_B1-20250912-0196,EMI,EMP344,KISHORE,HomeDelivery
BLR_B4,EC_CITY,p2,AC-1.5T,A2,2,9,INV-BLR_B4-20250909-0197,Cash,EMP329,ARUN,Pickup
BLR_B2,MAJESTIC,p4,FR-Small,FR1,2,27,INV-BLR_B2-20250927-0198,EMI,EMP373,ROHIT,Pickup
BLR_B3,WHITEFIELD,p1,TV-55IN,T3,1,5,INV-BLR_B3-20250905-0199,Card,EMP343,RAVI,HomeDelivery
BLR_B1,HSR,p4,FR-Big,FR2,3,4,INV-BLR_B1-20250904-0200,Cash,EMP319,KISHORE,HomeDelivery
BLR_B4,EC_CITY,p4,FR-Double-Door,FR3,3,16,INV-BLR_B4-20250916-0201,UPI,EMP307,ARUN,HomeDelivery
BLR_B1,HSR,p2,AC-1.5T,A2,1,19,INV-BLR_B1-20250919-0202,Cash,EMP386,KISHORE,HomeDelivery
BLR_B2,MAJESTIC,p2,AC-1.5T,A2,3,2,INV-BLR_B2-20250902-0203,UPI,EMP330,ROHIT,Pickup
BLR_B1,HSR,p3,WM-Semi-Automatic,WM2,1,20,INV-BLR_B1-20250920-0204,Cash,EMP323,KISHORE,Pickup
BLR_B2,MAJESTIC,p2,AC-1.5T,A2,3,1,INV-BLR_B2-20250901-0205,Card,EMP301,ROHIT,HomeDelivery
BLR_B4,EC_CITY,p4,FR-Double-Door,FR3,3,6,INV-BLR_B4-20250906-0206,EMI,EMP313,ARUN,Pickup
BLR_B1,HSR,p2,AC-1.5T,A2,2,13,INV-BLR_B1-20250913-0207,UPI,EMP383,KISHORE,Pickup
BLR_B1,HSR,p1,TV-32IN,T1,2,7,INV-BLR_B1-20250907-0208,Card,EMP320,KISHORE,HomeDelivery
BLR_B4,EC_CITY,p4,FR-Double-Door,FR3,3,22,INV-BLR_B4-20250922-0209,Cash,EMP396,ARUN,Pickup
BLR_B1,HSR,p3,WM-Semi-Automatic,WM2,1,14,INV-BLR_B1-20250914-0210,EMI,EMP387,KISHORE,Pickup
BLR_B2,MAJESTIC,p4,FR-Small,FR1,1,16,INV-BLR_B2-20250916-0211,Cash,EMP385,ROHIT,HomeDelivery
BLR_B3,WHITEFIELD,p3,WM-Normal,WM3,2,9,INV-BLR_B3-20250909-0212,Cash,EMP392,RAVI,Pickup
BLR_B3,WHITEFIELD,p3,WM-Normal,WM3,2,20,INV-BLR_B3-20250920-0213,EMI,EMP335,RAVI,Pickup
BLR_B3,WHITEFIELD,p3,WM-Semi-Automatic,WM2,3,10,INV-BLR_B3-20250910-0214,EMI,EMP396,RAVI,Pickup
BLR_B1,HSR,p1,TV-85IN,T4,3,28,INV-BLR_B1-20250928-0215,Card,EMP372,KISHORE,Pickup
BLR_B4,EC_CITY,p3,WM-Automatic,WM1,3,15,INV-BLR_B4-20250915-0216,UPI,EMP389,ARUN,Pickup
BLR_B3,WHITEFIELD,p1,TV-43IN,T2,1,17,INV-BLR_B3-20250917-0217,UPI,EMP397,RAVI,Pickup
BLR_B3,WHITEFIELD,p4,FR-Small,FR1,3,11,INV-BLR_B3-20250911-0218,Cash,EMP393,RAVI,Pickup
BLR_B2,MAJESTIC,p3,WM-Automatic,WM1,1,18,INV-BLR_B2-20250918-0219,Cash,EMP382,ROHIT,Pickup
BLR_B4,EC_CITY,p1,TV-85IN,T4,1,1,INV-BLR_B4-20250901-0220,Card,EMP366,ARUN,Pickup
BLR_B2,MAJESTIC,p2,AC-1T,A1,1,20,INV-BLR_B2-20250920-0221,EMI,EMP342,ROHIT,Pickup
BLR_B2,MAJESTIC,p3,WM-Semi-Automatic,WM2,2,3,INV-BLR_B2-20250903-0222,Cash,EMP385,ROHIT,HomeDelivery
BLR_B3,WHITEFIELD,p4,FR-Double-Door,FR3,1,3,INV-BLR_B3-20250903-0223,Card,EMP325,RAVI,HomeDelivery
BLR_B3,WHITEFIELD,p3,WM-Normal,WM3,1,19,INV-BLR_B3-20250919-0224,EMI,EMP373,RAVI,Pickup
BLR_B3,WHITEFIELD,p3,WM-Semi-Automatic,WM2,3,18,INV-BLR_B3-20250918-0225,EMI,EMP386,RAVI,HomeDelivery
BLR_B2,MAJESTIC,p3,WM-Automatic,WM1,1,22,INV-BLR_B2-20250922-0226,Cash,EMP364,ROHIT,HomeDelivery
BLR_B2,MAJESTIC,p3,WM-Automatic,WM1,2,26,INV-BLR_B2-20250926-0227,EMI,EMP336,ROHIT,Pickup
BLR_B4,EC_CITY,p1,TV-85IN,T4,3,3,INV-BLR_B4-20250903-0228,Cash,EMP381,ARUN,HomeDelivery
BLR_B4,EC_CITY,p2,AC-1.5T,A2,3,16,INV-BLR_B4-20250916-0229,Cash,EMP312,ARUN,HomeDelivery
BLR_B4,EC_CITY,p3,WM-Normal,WM3,1,21,INV-BLR_B4-20250921-0230,Card,EMP307,ARUN,Pickup
BLR_B3,WHITEFIELD,p3,WM-Normal,WM3,2,7,INV-BLR_B3-20250907-0231,EMI,EMP348,RAVI,HomeDelivery
BLR_B4,EC_CITY,p2,AC-1.5T,A2,3,19,INV-BLR_B4-20250919-0232,Card,EMP353,ARUN,HomeDelivery
BLR_B4,EC_CITY,p1,TV-32IN,T1,1,10,INV-BLR_B4-20250910-0233,EMI,EMP363,ARUN,HomeDelivery
BLR_B2,MAJESTIC,p1,TV-85IN,T4,1,12,INV-BLR_B2-20250912-0234,Cash,EMP371,ROHIT,HomeDelivery
BLR_B3,WHITEFIELD,p3,WM-Semi-Automatic,WM2,2,9,INV-BLR_B3-20250909-0235,UPI,EMP372,RAVI,Pickup
BLR_B2,MAJESTIC,p1,TV-85IN,T4,2,14,INV-BLR_B2-20250914-0236,Card,EMP362,ROHIT,HomeDelivery
BLR_B2,MAJESTIC,p4,FR-Double-Door,FR3,3,29,INV-BLR_B2-20250929-0237,Card,EMP364,ROHIT,Pickup
BLR_B4,EC_CITY,p4,FR-Big,FR2,2,13,INV-BLR_B4-20250913-0238,EMI,EMP396,ARUN,HomeDelivery
BLR_B2,MAJESTIC,p3,WM-Semi-Automatic,WM2,1,22,INV-BLR_B2-20250922-0239,Card,EMP365,ROHIT,HomeDelivery
BLR_B1,HSR,p1,TV-55IN,T3,2,5,INV-BLR_B1-20250905-0240,Card,EMP317,KISHORE,HomeDelivery
BLR_B2,MAJESTIC,p4,FR-Big,FR2,2,24,INV-BLR_B2-20250924-0241,Card,EMP398,ROHIT,HomeDelivery
BLR_B3,WHITEFIELD,p3,WM-Semi-Automatic,WM2,2,23,INV-BLR_B3-20250923-0242,Cash,EMP314,RAVI,Pickup
BLR_B4,EC_CITY,p1,TV-85IN,T4,3,10,INV-BLR_B4-20250910-0243,Card,EMP387,ARUN,Pickup
BLR_B4,EC_CITY,p2,AC-1T,A1,3,17,INV-BLR_B4-20250917-0244,Cash,EMP385,ARUN,Pickup
BLR_B4,EC_CITY,p2,AC-2T,A3,3,1,INV-BLR_B4-20250901-0245,Card,EMP378,ARUN,HomeDelivery
BLR_B1,HSR,p3,WM-Automatic,WM1,1,28,INV-BLR_B1-20250928-0246,EMI,EMP400,KISHORE,Pickup
BLR_B2,MAJESTIC,p1,TV-43IN,T2,1,25,INV-BLR_B2-20250925-0247,UPI,EMP387,ROHIT,HomeDelivery
BLR_B3,WHITEFIELD,p2,AC-1T,A1,3,23,INV-BLR_B3-20250923-0248,Card,EMP383,RAVI,Pickup
BLR_B1,HSR,p1,TV-43IN,T2,1,14,INV-BLR_B1-20250914-0249,Cash,EMP381,KISHORE,Pickup
BLR_B4,EC_CITY,p4,FR-Big,FR2,3,2,INV-BLR_B4-20250902-0250,Card,EMP392,ARUN,Pickup
BLR_B1,HSR,p3,WM-Semi-Automatic,WM2,3,16,INV-BLR_B1-20250916-0251,UPI,EMP320,KISHORE,HomeDelivery
BLR_B4,EC_CITY,p3,WM-Automatic,WM1,2,2,INV-BLR_B4-20250902-0252,Cash,EMP364,ARUN,HomeDelivery
BLR_B3,WHITEFIELD,p1,TV-85IN,T4,3,13,INV-BLR_B3-20250913-0253,UPI,EMP343,RAVI,HomeDelivery
BLR_B4,EC_CITY,p1,TV-43IN,T2,2,19,INV-BLR_B4-20250919-0254,Cash,EMP353,ARUN,Pickup
BLR_B3,WHITEFIELD,p4,FR-Big,FR2,1,5,INV-BLR_B3-20250905-0255,Cash,EMP347,RAVI,Pickup
BLR_B2,MAJESTIC,p1,TV-43IN,T2,1,21,INV-BLR_B2-20250921-0256,UPI,EMP306,ROHIT,HomeDelivery
BLR_B3,WHITEFIELD,p4,FR-Big,FR2,1,27,INV-BLR_B3-20250927-0257,Card,EMP307,RAVI,Pickup
BLR_B1,HSR,p1,TV-85IN,T4,3,11,INV-BLR_B1-20250911-0258,Card,EMP323,KISHORE,HomeDelivery
BLR_B4,EC_CITY,p1,TV-85IN,T4,3,28,INV-BLR_B4-20250928-0259,EMI,EMP373,ARUN,Pickup
BLR_B4,EC_CITY,p4,FR-Big,FR2,3,4,INV-BLR_B4-20250904-0260,Cash,EMP380,ARUN,Pickup
BLR_B3,WHITEFIELD,p4,FR-Small,FR1,3,16,INV-BLR_B3-20250916-0261,UPI,EMP342,RAVI,HomeDelivery
BLR_B2,MAJESTIC,p3,WM-Semi-Automatic,WM2,2,8,INV-BLR_B2-20250908-0262,UPI,EMP369,ROHIT,HomeDelivery
BLR_B3,WHITEFIELD,p1,TV-32IN,T1,1,1,INV-BLR_B3-20250901-0263,UPI,EMP320,RAVI,Pickup
BLR_B2,MAJESTIC,p1,TV-55IN,T3,2,24,INV-BLR_B2-20250924-0264,UPI,EMP333,ROHIT,HomeDelivery
BLR_B3,WHITEFIELD,p4,FR-Big,FR2,2,10,INV-BLR_B3-20250910-0265,Card,EMP333,RAVI,Pickup
BLR_B3,WHITEFIELD,p1,TV-85IN,T4,1,24,INV-BLR_B3-20250924-0266,Card,EMP345,RAVI,Pickup
BLR_B1,HSR,p4,FR-Small,FR1,3,17,INV-BLR_B1-20250917-0267,Cash,EMP348,KISHORE,HomeDelivery
BLR_B1,HSR,p3,WM-Automatic,WM1,2,14,INV-BLR_B1-20250914-0268,Card,EMP382,KISHORE,Pickup
BLR_B3,WHITEFIELD,p3,WM-Automatic,WM1,2,16,INV-BLR_B3-20250916-0269,EMI,EMP324,RAVI,HomeDelivery
BLR_B3,WHITEFIELD,p1,TV-55IN,T3,3,28,INV-BLR_B3-20250928-0270,UPI,EMP388,RAVI,Pickup
BLR_B2,MAJESTIC,p1,TV-55IN,T3,2,9,INV-BLR_B2-20250909-0271,EMI,EMP394,ROHIT,Pickup
BLR_B3,WHITEFIELD,p1,TV-43IN,T2,1,24,INV-BLR_B3-20250924-0272,Cash,EMP382,RAVI,HomeDelivery
BLR_B2,MAJESTIC,p2,AC-1.5T,A2,1,5,INV-BLR_B2-20250905-0273,EMI,EMP391,ROHIT,Pickup
BLR_B4,EC_CITY,p2,AC-1T,A1,2,24,INV-BLR_B4-20250924-0274,UPI,EMP400,ARUN,Pickup
BLR_B4,EC_CITY,p4,FR-Big,FR2,2,23,INV-BLR_B4-20250923-0275,EMI,EMP378,ARUN,Pickup
BLR_B1,HSR,p3,WM-Normal,WM3,2,24,INV-BLR_B1-20250924-0276,Cash,EMP316,KISHORE,Pickup
BLR_B1,HSR,p1,TV-85IN,T4,1,9,INV-BLR_B1-20250909-0277,Card,EMP354,KISHORE,Pickup
BLR_B1,HSR,p1,TV-43IN,T2,3,26,INV-BLR_B1-20250926-0278,EMI,EMP342,KISHORE,HomeDelivery
BLR_B3,WHITEFIELD,p2,AC-1T,A1,2,16,INV-BLR_B3-20250916-0279,UPI,EMP386,RAVI,Pickup
BLR_B1,HSR,p4,FR-Small,FR1,1,19,INV-BLR_B1-20250919-0280,Card,EMP385,KISHORE,Pickup
BLR_B3,WHITEFIELD,p3,WM-Semi-Automatic,WM2,2,17,INV-BLR_B3-20250917-0281,UPI,EMP400,RAVI,HomeDelivery
BLR_B2,MAJESTIC,p4,FR-Big,FR2,1,21,INV-BLR_B2-20250921-0282,Cash,EMP352,ROHIT,HomeDelivery
BLR_B3,WHITEFIELD,p1,TV-43IN,T2,1,7,INV-BLR_B3-20250907-0283,UPI,EMP394,RAVI,Pickup
BLR_B4,EC_CITY,p1,TV-43IN,T2,2,14,INV-BLR_B4-20250914-0284,EMI,EMP335,ARUN,Pickup
BLR_B2,MAJESTIC,p4,FR-Small,FR1,1,23,INV-BLR_B2-20250923-0285,Card,EMP393,ROHIT,HomeDelivery
BLR_B1,HSR,p4,FR-Big,FR2,2,29,INV-BLR_B1-20250929-0286,Cash,EMP353,KISHORE,Pickup
BLR_B2,MAJESTIC,p4,FR-Small,FR1,3,18,INV-BLR_B2-20250918-0287,UPI,EMP356,ROHIT,Pickup
BLR_B3,WHITEFIELD,p2,AC-1.5T,A2,2,27,INV-BLR_B3-20250927-0288,Card,EMP306,RAVI,HomeDelivery
BLR_B4,EC_CITY,p1,TV-85IN,T4,2,25,INV-BLR_B4-20250925-0289,UPI,EMP376,ARUN,HomeDelivery
BLR_B2,MAJESTIC,p3,WM-Semi-Automatic,WM2,2,29,INV-BLR_B2-20250929-0290,EMI,EMP345,ROHIT,Pickup
BLR_B3,WHITEFIELD,p3,WM-Normal,WM3,3,2,INV-BLR_B3-20250902-0291,Cash,EMP330,RAVI,HomeDelivery
BLR_B1,HSR,p4,FR-Double-Door,FR3,2,4,INV-BLR_B1-20250904-0292,UPI,EMP346,KISHORE,Pickup
BLR_B3,WHITEFIELD,p3,WM-Automatic,WM1,1,20,INV-BLR_B3-20250920-0293,Cash,EMP306,RAVI,HomeDelivery
BLR_B3,WHITEFIELD,p3,WM-Normal,WM3,1,22,INV-BLR_B3-20250922-0294,UPI,EMP346,RAVI,Pickup
BLR_B4,EC_CITY,p3,WM-Normal,WM3,3,2,INV-BLR_B4-20250902-0295,Card,EMP314,ARUN,HomeDelivery
BLR_B1,HSR,p3,WM-Semi-Automatic,WM2,2,27,INV-BLR_B1-20250927-0296,Card,EMP304,KISHORE,Pickup
BLR_B4,EC_CITY,p4,FR-Double-Door,FR3,3,28,INV-BLR_B4-20250928-0297,EMI,EMP351,ARUN,Pickup
BLR_B4,EC_CITY,p1,TV-85IN,T4,3,21,INV-BLR_B4-20250921-0298,Cash,EMP371,ARUN,Pickup
BLR_B1,HSR,p3,WM-Automatic,WM1,2,4,INV-BLR_B1-20250904-0299,Cash,EMP321,KISHORE,Pickup
BLR_B4,EC_CITY,p1,TV-43IN,T2,1,1,INV-BLR_B4-20250901-0300,UPI,EMP360,ARUN,Pickup
BLR_B4,EC_CITY,p4,FR-Small,FR1,3,13,INV-BLR_B4-20250913-0301,Card,EMP379,ARUN,HomeDelivery
BLR_B4,EC_CITY,p2,AC-1T,A1,2,30,INV-BLR_B4-20250930-0302,Card,EMP316,ARUN,HomeDelivery
BLR_B3,WHITEFIELD,p3,WM-Semi-Automatic,WM2,3,2,INV-BLR_B3-20250902-0303,UPI,EMP337,RAVI,Pickup
BLR_B4,EC_CITY,p2,AC-2T,A3,2,11,INV-BLR_B4-20250911-0304,Card,EMP334,ARUN,HomeDelivery
BLR_B1,HSR,p2,AC-1.5T,A2,1,16,INV-BLR_B1-20250916-0305,EMI,EMP348,KISHORE,Pickup
BLR_B2,MAJESTIC,p2,AC-1.5T,A2,1,3,INV-BLR_B2-20250903-0306,Card,EMP341,ROHIT,HomeDelivery
BLR_B1,HSR,p3,WM-Normal,WM3,2,18,INV-BLR_B1-20250918-0307,EMI,EMP361,KISHORE,Pickup
BLR_B2,MAJESTIC,p1,TV-32IN,T1,3,12,INV-BLR_B2-20250912-0308,UPI,EMP374,ROHIT,Pickup
BLR_B1,HSR,p1,TV-55IN,T3,2,26,INV-BLR_B1-20250926-0309,UPI,EMP331,KISHORE,Pickup
BLR_B4,EC_CITY,p2,AC-1T,A1,3,26,INV-BLR_B4-20250926-0310,EMI,EMP380,ARUN,HomeDelivery
BLR_B3,WHITEFIELD,p1,TV-43IN,T2,3,10,INV-BLR_B3-20250910-0311,Card,EMP345,RAVI,HomeDelivery
BLR_B4,EC_CITY,p2,AC-1T,A1,2,2,INV-BLR_B4-20250902-0312,Cash,EMP345,ARUN,Pickup
BLR_B3,WHITEFIELD,p2,AC-2T,A3,1,1,INV-BLR_B3-20250901-0313,Card,EMP327,RAVI,HomeDelivery
BLR_B2,MAJESTIC,p4,FR-Big,FR2,1,13,INV-BLR_B2-20250913-0314,Cash,EMP312,ROHIT,HomeDelivery
BLR_B1,HSR,p3,WM-Semi-Automatic,WM2,1,22,INV-BLR_B1-20250922-0315,Card,EMP396,KISHORE,HomeDelivery
BLR_B1,HSR,p2,AC-2T,A3,2,21,INV-BLR_B1-20250921-0316,Card,EMP335,KISHORE,Pickup
BLR_B3,WHITEFIELD,p3,WM-Semi-Automatic,WM2,1,26,INV-BLR_B3-20250926-0317,Cash,EMP400,RAVI,HomeDelivery
BLR_B4,EC_CITY,p1,TV-43IN,T2,1,25,INV-BLR_B4-20250925-0318,UPI,EMP359,ARUN,HomeDelivery
BLR_B4,EC_CITY,p2,AC-2T,A3,1,9,INV-BLR_B4-20250909-0319,UPI,EMP399,ARUN,Pickup
BLR_B3,WHITEFIELD,p3,WM-Automatic,WM1,3,11,INV-BLR_B3-20250911-0320,EMI,EMP394,RAVI,Pickup
BLR_B4,EC_CITY,p3,WM-Semi-Automatic,WM2,2,21,INV-BLR_B4-20250921-0321,EMI,EMP333,ARUN,Pickup
BLR_B3,WHITEFIELD,p4,FR-Double-Door,FR3,2,26,INV-BLR_B3-20250926-0322,UPI,EMP303,RAVI,Pickup
BLR_B1,HSR,p2,AC-1T,A1,1,9,INV-BLR_B1-20250909-0323,Cash,EMP350,KISHORE,Pickup
BLR_B1,HSR,p3,WM-Automatic,WM1,1,25,INV-BLR_B1-20250925-0324,Cash,EMP384,KISHORE,Pickup
BLR_B4,EC_CITY,p1,TV-43IN,T2,1,16,INV-BLR_B4-20250916-0325,Cash,EMP341,ARUN,HomeDelivery
BLR_B3,WHITEFIELD,p1,TV-55IN,T3,1,4,INV-BLR_B3-20250904-0326,Cash,EMP346,RAVI,HomeDelivery
BLR_B3,WHITEFIELD,p2,AC-1.5T,A2,3,11,INV-BLR_B3-20250911-0327,UPI,EMP302,RAVI,Pickup
BLR_B4,EC_CITY,p3,WM-Normal,WM3,3,17,INV-BLR_B4-20250917-0328,Card,EMP392,ARUN,HomeDelivery
BLR_B2,MAJESTIC,p1,TV-85IN,T4,2,20,INV-BLR_B2-20250920-0329,EMI,EMP316,ROHIT,Pickup
BLR_B4,EC_CITY,p1,TV-32IN,T1,2,4,INV-BLR_B4-20250904-0330,Cash,EMP377,ARUN,Pickup
BLR_B4,EC_CITY,p3,WM-Normal,WM3,1,5,INV-BLR_B4-20250905-0331,EMI,EMP371,ARUN,HomeDelivery
BLR_B1,HSR,p1,TV-85IN,T4,1,29,INV-BLR_B1-20250929-0332,Cash,EMP328,KISHORE,HomeDelivery
BLR_B1,HSR,p3,WM-Semi-Automatic,WM2,2,25,INV-BLR_B1-20250925-0333,EMI,EMP378,KISHORE,Pickup
BLR_B3,WHITEFIELD,p1,TV-43IN,T2,3,22,INV-BLR_B3-20250922-0334,Cash,EMP389,RAVI,Pickup
BLR_B1,HSR,p1,TV-32IN,T1,1,30,INV-BLR_B1-20250930-0335,Cash,EMP308,KISHORE,HomeDelivery
BLR_B4,EC_CITY,p1,TV-43IN,T2,2,28,INV-BLR_B4-20250928-0336,UPI,EMP385,ARUN,Pickup
BLR_B3,WHITEFIELD,p2,AC-2T,A3,2,30,INV-BLR_B3-20250930-0337,Card,EMP375,RAVI,Pickup
BLR_B3,WHITEFIELD,p2,AC-2T,A3,3,28,INV-BLR_B3-20250928-0338,UPI,EMP361,RAVI,Pickup
BLR_B2,MAJESTIC,p1,TV-85IN,T4,1,26,INV-BLR_B2-20250926-0339,EMI,EMP363,ROHIT,Pickup
BLR_B3,WHITEFIELD,p2,AC-1T,A1,3,22,INV-BLR_B3-20250922-0340,Cash,EMP308,RAVI,Pickup
BLR_B2,MAJESTIC,p4,FR-Big,FR2,1,14,INV-BLR_B2-20250914-0341,Cash,EMP364,ROHIT,HomeDelivery
BLR_B2,MAJESTIC,p1,TV-43IN,T2,3,17,INV-BLR_B2-20250917-0342,UPI,EMP338,ROHIT,Pickup
BLR_B3,WHITEFIELD,p4,FR-Double-Door,FR3,3,10,INV-BLR_B3-20250910-0343,EMI,EMP325,RAVI,Pickup
BLR_B2,MAJESTIC,p3,WM-Normal,WM3,3,6,INV-BLR_B2-20250906-0344,UPI,EMP334,ROHIT,HomeDelivery
BLR_B3,WHITEFIELD,p4,FR-Double-Door,FR3,3,29,INV-BLR_B3-20250929-0345,UPI,EMP382,RAVI,HomeDelivery
BLR_B2,MAJESTIC,p3,WM-Automatic,WM1,2,11,INV-BLR_B2-20250911-0346,Card,EMP364,ROHIT,HomeDelivery
BLR_B4,EC_CITY,p4,FR-Double-Door,FR3,2,4,INV-BLR_B4-20250904-0347,Card,EMP310,ARUN,HomeDelivery
BLR_B3,WHITEFIELD,p1,TV-55IN,T3,1,27,INV-BLR_B3-20250927-0348,EMI,EMP301,RAVI,HomeDelivery
BLR_B4,EC_CITY,p1,TV-43IN,T2,3,4,INV-BLR_B4-20250904-0349,UPI,EMP363,ARUN,Pickup
BLR_B3,WHITEFIELD,p1,TV-43IN,T2,3,16,INV-BLR_B3-20250916-0350,EMI,EMP352,RAVI,HomeDelivery
BLR_B1,HSR,p1,TV-55IN,T3,1,18,INV-BLR_B1-20250918-0351,EMI,EMP326,KISHORE,HomeDelivery
BLR_B3,WHITEFIELD,p1,TV-43IN,T2,3,3,INV-BLR_B3-20250903-0352,Cash,EMP341,RAVI,Pickup
BLR_B3,WHITEFIELD,p3,WM-Normal,WM3,2,13,INV-BLR_B3-20250913-0353,EMI,EMP366,RAVI,HomeDelivery
BLR_B2,MAJESTIC,p1,TV-43IN,T2,1,9,INV-BLR_B2-20250909-0354,EMI,EMP356,ROHIT,HomeDelivery
BLR_B4,EC_CITY,p2,AC-2T,A3,3,21,INV-BLR_B4-20250921-0355,Card,EMP379,ARUN,HomeDelivery
BLR_B2,MAJESTIC,p4,FR-Small,FR1,2,30,INV-BLR_B2-20250930-0356,Cash,EMP363,ROHIT,Pickup
BLR_B4,EC_CITY,p1,TV-43IN,T2,2,15,INV-BLR_B4-20250915-0357,EMI,EMP395,ARUN,HomeDelivery
BLR_B1,HSR,p1,TV-85IN,T4,1,14,INV-BLR_B1-20250914-0358,UPI,EMP374,KISHORE,Pickup
BLR_B2,MAJESTIC,p3,WM-Normal,WM3,2,13,INV-BLR_B2-20250913-0359,Card,EMP313,ROHIT,HomeDelivery
BLR_B2,MAJESTIC,p1,TV-55IN,T3,2,2,INV-BLR_B2-20250902-0360,Card,EMP349,ROHIT,HomeDelivery
BLR_B1,HSR,p1,TV-32IN,T1,3,14,INV-BLR_B1-20250914-0361,EMI,EMP330,KISHORE,HomeDelivery
BLR_B2,MAJESTIC,p2,AC-2T,A3,1,28,INV-BLR_B2-20250928-0362,EMI,EMP354,ROHIT,HomeDelivery
BLR_B1,HSR,p1,TV-55IN,T3,1,20,INV-BLR_B1-20250920-0363,Cash,EMP346,KISHORE,HomeDelivery
BLR_B2,MAJESTIC,p4,FR-Small,FR1,3,24,INV-BLR_B2-20250924-0364,EMI,EMP395,ROHIT,Pickup
BLR_B2,MAJESTIC,p3,WM-Automatic,WM1,2,27,INV-BLR_B2-20250927-0365,EMI,EMP332,ROHIT,HomeDelivery
BLR_B3,WHITEFIELD,p2,AC-2T,A3,2,8,INV-BLR_B3-20250908-0366,UPI,EMP337,RAVI,HomeDelivery
BLR_B1,HSR,p2,AC-1.5T,A2,1,29,INV-BLR_B1-20250929-0367,UPI,EMP333,KISHORE,HomeDelivery
BLR_B4,EC_CITY,p1,TV-85IN,T4,2,23,INV-BLR_B4-20250923-0368,EMI,EMP384,ARUN,HomeDelivery
BLR_B3,WHITEFIELD,p2,AC-1.5T,A2,2,16,INV-BLR_B3-20250916-0369,Cash,EMP343,RAVI,Pickup
BLR_B1,HSR,p3,WM-Automatic,WM1,3,16,INV-BLR_B1-20250916-0370,EMI,EMP343,KISHORE,HomeDelivery
BLR_B1,HSR,p2,AC-1.5T,A2,3,9,INV-BLR_B1-20250909-0371,EMI,EMP395,KISHORE,HomeDelivery
BLR_B1,HSR,p3,WM-Semi-Automatic,WM2,3,28,INV-BLR_B1-20250928-0372,EMI,EMP378,KISHORE,Pickup
BLR_B1,HSR,p1,TV-32IN,T1,3,25,INV-BLR_B1-20250925-0373,Card,EMP358,KISHORE,HomeDelivery
BLR_B4,EC_CITY,p2,AC-2T,A3,3,24,INV-BLR_B4-20250924-0374,Card,EMP369,ARUN,HomeDelivery
BLR_B1,HSR,p4,FR-Big,FR2,2,9,INV-BLR_B1-20250909-0375,UPI,EMP371,KISHORE,HomeDelivery
BLR_B1,HSR,p1,TV-55IN,T3,3,23,INV-BLR_B1-20250923-0376,Card,EMP349,KISHORE,Pickup
BLR_B2,MAJESTIC,p4,FR-Small,FR1,3,28,INV-BLR_B2-20250928-0377,Card,EMP382,ROHIT,HomeDelivery
BLR_B4,EC_CITY,p1,TV-55IN,T3,3,15,INV-BLR_B4-20250915-0378,Card,EMP364,ARUN,Pickup
BLR_B1,HSR,p3,WM-Normal,WM3,1,2,INV-BLR_B1-20250902-0379,EMI,EMP329,KISHORE,HomeDelivery
BLR_B2,MAJESTIC,p1,TV-55IN,T3,3,5,INV-BLR_B2-20250905-0380,Cash,EMP315,ROHIT,Pickup
BLR_B1,HSR,p1,TV-85IN,T4,3,23,INV-BLR_B1-20250923-0381,EMI,EMP333,KISHORE,HomeDelivery
BLR_B3,WHITEFIELD,p2,AC-1T,A1,3,26,INV-BLR_B3-20250926-0382,Cash,EMP310,RAVI,Pickup
BLR_B1,HSR,p1,TV-32IN,T1,1,5,INV-BLR_B1-20250905-0383,EMI,EMP344,KISHORE,HomeDelivery
BLR_B1,HSR,p4,FR-Small,FR1,3,25,INV-BLR_B1-20250925-0384,UPI,EMP307,KISHORE,Pickup
BLR_B4,EC_CITY,p4,FR-Big,FR2,3,22,INV-BLR_B4-20250922-0385,EMI,EMP305,ARUN,HomeDelivery
BLR_B3,WHITEFIELD,p1,TV-43IN,T2,1,18,INV-BLR_B3-20250918-0386,EMI,EMP322,RAVI,HomeDelivery
BLR_B1,HSR,p2,AC-2T,A3,1,23,INV-BLR_B1-20250923-0387,UPI,EMP396,KISHORE,HomeDelivery
BLR_B1,HSR,p1,TV-32IN,T1,3,18,INV-BLR_B1-20250918-0388,Cash,EMP352,KISHORE,Pickup
BLR_B1,HSR,p2,AC-1T,A1,2,21,INV-BLR_B1-20250921-0389,Card,EMP384,KISHORE,HomeDelivery
BLR_B3,WHITEFIELD,p2,AC-2T,A3,2,3,INV-BLR_B3-20250903-0390,UPI,EMP328,RAVI,HomeDelivery
BLR_B1,HSR,p4,FR-Small,FR1,3,27,INV-BLR_B1-20250927-0391,Cash,EMP319,KISHORE,Pickup
BLR_B4,EC_CITY,p1,TV-32IN,T1,1,28,INV-BLR_B4-20250928-0392,Card,EMP372,ARUN,Pickup
BLR_B1,HSR,p1,TV-55IN,T3,2,19,INV-BLR_B1-20250919-0393,Cash,EMP400,KISHORE,Pickup
BLR_B1,HSR,p2,AC-1T,A1,3,2,INV-BLR_B1-20250902-0394,Card,EMP302,KISHORE,HomeDelivery
BLR_B4,EC_CITY,p4,FR-Double-Door,FR3,2,13,INV-BLR_B4-20250913-0395,EMI,EMP369,ARUN,HomeDelivery
BLR_B4,EC_CITY,p3,WM-Semi-Automatic,WM2,1,5,INV-BLR_B4-20250905-0396,Card,EMP394,ARUN,Pickup
BLR_B3,WHITEFIELD,p2,AC-1.5T,A2,3,25,INV-BLR_B3-20250925-0397,Card,EMP321,RAVI,HomeDelivery
BLR_B4,EC_CITY,p2,AC-1.5T,A2,3,13,INV-BLR_B4-20250913-0398,Cash,EMP349,ARUN,HomeDelivery
BLR_B3,WHITEFIELD,p1,TV-85IN,T4,3,17,INV-BLR_B3-20250917-0399,EMI,EMP314,RAVI,Pickup
BLR_B2,MAJESTIC,p4,FR-Small,FR1,3,2,INV-BLR_B2-20250902-0400,EMI,EMP390,ROHIT,Pickup
BLR_B3,WHITEFIELD,p1,TV-55IN,T3,1,14,INV-BLR_B3-20250914-0401,Cash,EMP395,RAVI,Pickup
BLR_B1,HSR,p2,AC-1T,A1,3,14,INV-BLR_B1-20250914-0402,Card,EMP362,KISHORE,HomeDelivery
BLR_B2,MAJESTIC,p2,AC-2T,A3,3,19,INV-BLR_B2-20250919-0403,Card,EMP354,ROHIT,Pickup
BLR_B2,MAJESTIC,p2,AC-1T,A1,3,10,INV-BLR_B2-20250910-0404,UPI,EMP304,ROHIT,Pickup
BLR_B4,EC_CITY,p3,WM-Semi-Automatic,WM2,2,10,INV-BLR_B4-20250910-0405,Cash,EMP355,ARUN,Pickup
BLR_B2,MAJESTIC,p3,WM-Semi-Automatic,WM2,3,25,INV-BLR_B2-20250925-0406,EMI,EMP390,ROHIT,Pickup
BLR_B4,EC_CITY,p1,TV-55IN,T3,1,22,INV-BLR_B4-20250922-0407,Card,EMP385,ARUN,Pickup
BLR_B4,EC_CITY,p2,AC-2T,A3,3,22,INV-BLR_B4-20250922-0408,Cash,EMP389,ARUN,HomeDelivery
BLR_B2,MAJESTIC,p3,WM-Semi-Automatic,WM2,3,11,INV-BLR_B2-20250911-0409,EMI,EMP400,ROHIT,HomeDelivery
BLR_B2,MAJESTIC,p1,TV-32IN,T1,1,21,INV-BLR_B2-20250921-0410,UPI,EMP369,ROHIT,HomeDelivery
BLR_B4,EC_CITY,p4,FR-Big,FR2,2,14,INV-BLR_B4-20250914-0411,UPI,EMP341,ARUN,HomeDelivery
BLR_B1,HSR,p2,AC-1.5T,A2,3,21,INV-BLR_B1-20250921-0412,Cash,EMP304,KISHORE,Pickup
BLR_B4,EC_CITY,p2,AC-2T,A3,1,6,INV-BLR_B4-20250906-0413,EMI,EMP377,ARUN,HomeDelivery
BLR_B4,EC_CITY,p3,WM-Semi-Automatic,WM2,2,2,INV-BLR_B4-20250902-0414,Card,EMP389,ARUN,HomeDelivery
BLR_B1,HSR,p2,AC-1T,A1,2,22,INV-BLR_B1-20250922-0415,EMI,EMP391,KISHORE,Pickup
BLR_B3,WHITEFIELD,p2,AC-2T,A3,2,5,INV-BLR_B3-20250905-0416,Card,EMP382,RAVI,HomeDelivery
BLR_B2,MAJESTIC,p1,TV-43IN,T2,1,6,INV-BLR_B2-20250906-0417,Card,EMP382,ROHIT,Pickup
BLR_B4,EC_CITY,p2,AC-1T,A1,1,20,INV-BLR_B4-20250920-0418,UPI,EMP382,ARUN,Pickup
BLR_B4,EC_CITY,p3,WM-Normal,WM3,3,22,INV-BLR_B4-20250922-0419,Card,EMP353,ARUN,Pickup
BLR_B3,WHITEFIELD,p1,TV-55IN,T3,1,3,INV-BLR_B3-20250903-0420,Cash,EMP342,RAVI,HomeDelivery
BLR_B4,EC_CITY,p1,TV-85IN,T4,3,27,INV-BLR_B4-20250927-0421,UPI,EMP345,ARUN,Pickup
BLR_B2,MAJESTIC,p1,TV-55IN,T3,2,21,INV-BLR_B2-20250921-0422,Cash,EMP383,ROHIT,Pickup
BLR_B3,WHITEFIELD,p4,FR-Double-Door,FR3,1,2,INV-BLR_B3-20250902-0423,EMI,EMP372,RAVI,Pickup
BLR_B1,HSR,p2,AC-2T,A3,1,17,INV-BLR_B1-20250917-0424,Card,EMP391,KISHORE,HomeDelivery
BLR_B2,MAJESTIC,p3,WM-Normal,WM3,2,25,INV-BLR_B2-20250925-0425,EMI,EMP327,ROHIT,Pickup
BLR_B3,WHITEFIELD,p3,WM-Normal,WM3,2,4,INV-BLR_B3-20250904-0426,Card,EMP365,RAVI,HomeDelivery
BLR_B4,EC_CITY,p1,TV-43IN,T2,1,27,INV-BLR_B4-20250927-0427,UPI,EMP399,ARUN,Pickup
BLR_B1,HSR,p1,TV-43IN,T2,1,23,INV-BLR_B1-20250923-0428,Card,EMP375,KISHORE,Pickup
BLR_B2,MAJESTIC,p4,FR-Double-Door,FR3,2,18,INV-BLR_B2-20250918-0429,EMI,EMP334,ROHIT,HomeDelivery
BLR_B2,MAJESTIC,p2,AC-1.5T,A2,2,10,INV-BLR_B2-20250910-0430,UPI,EMP321,ROHIT,Pickup
BLR_B3,WHITEFIELD,p4,FR-Double-Door,FR3,1,5,INV-BLR_B3-20250905-0431,Cash,EMP375,RAVI,HomeDelivery
BLR_B2,MAJESTIC,p3,WM-Normal,WM3,3,24,INV-BLR_B2-20250924-0432,EMI,EMP336,ROHIT,Pickup
BLR_B3,WHITEFIELD,p1,TV-32IN,T1,1,24,INV-BLR_B3-20250924-0433,UPI,EMP356,RAVI,HomeDelivery
BLR_B2,MAJESTIC,p3,WM-Automatic,WM1,2,28,INV-BLR_B2-20250928-0434,Card,EMP372,ROHIT,HomeDelivery
BLR_B2,MAJESTIC,p3,WM-Normal,WM3,3,12,INV-BLR_B2-20250912-0435,UPI,EMP315,ROHIT,Pickup
BLR_B2,MAJESTIC,p2,AC-1T,A1,1,28,INV-BLR_B2-20250928-0436,UPI,EMP338,ROHIT,Pickup
BLR_B1,HSR,p3,WM-Semi-Automatic,WM2,1,23,INV-BLR_B1-20250923-0437,UPI,EMP338,KISHORE,HomeDelivery
BLR_B4,EC_CITY,p4,FR-Big,FR2,2,29,INV-BLR_B4-20250929-0438,UPI,EMP343,ARUN,HomeDelivery
BLR_B4,EC_CITY,p1,TV-85IN,T4,3,13,INV-BLR_B4-20250913-0439,EMI,EMP303,ARUN,HomeDelivery
BLR_B1,HSR,p3,WM-Semi-Automatic,WM2,2,8,INV-BLR_B1-20250908-0440,Cash,EMP306,KISHORE,HomeDelivery
BLR_B1,HSR,p3,WM-Automatic,WM1,1,23,INV-BLR_B1-20250923-0441,Card,EMP354,KISHORE,Pickup
BLR_B2,MAJESTIC,p3,WM-Semi-Automatic,WM2,1,5,INV-BLR_B2-20250905-0442,Cash,EMP359,ROHIT,HomeDelivery
BLR_B4,EC_CITY,p3,WM-Semi-Automatic,WM2,2,23,INV-BLR_B4-20250923-0443,Card,EMP334,ARUN,Pickup
BLR_B4,EC_CITY,p4,FR-Big,FR2,1,3,INV-BLR_B4-20250903-0444,EMI,EMP326,ARUN,HomeDelivery
BLR_B4,EC_CITY,p4,FR-Double-Door,FR3,2,29,INV-BLR_B4-20250929-0445,Card,EMP343,ARUN,HomeDelivery
BLR_B4,EC_CITY,p4,FR-Double-Door,FR3,1,26,INV-BLR_B4-20250926-0446,Cash,EMP331,ARUN,HomeDelivery
BLR_B1,HSR,p4,FR-Big,FR2,3,27,INV-BLR_B1-20250927-0447,EMI,EMP348,KISHORE,HomeDelivery
BLR_B3,WHITEFIELD,p1,TV-85IN,T4,2,26,INV-BLR_B3-20250926-0448,UPI,EMP352,RAVI,HomeDelivery
BLR_B2,MAJESTIC,p4,FR-Big,FR2,2,30,INV-BLR_B2-20250930-0449,EMI,EMP353,ROHIT,HomeDelivery
BLR_B1,HSR,p2,AC-1T,A1,1,25,INV-BLR_B1-20250925-0450,Card,EMP399,KISHORE,Pickup
BLR_B2,MAJESTIC,p1,TV-55IN,T3,3,28,INV-BLR_B2-20250928-0451,Card,EMP398,ROHIT,HomeDelivery
BLR_B1,HSR,p2,AC-1.5T,A2,3,15,INV-BLR_B1-20250915-0452,EMI,EMP398,KISHORE,HomeDelivery
BLR_B4,EC_CITY,p3,WM-Automatic,WM1,1,20,INV-BLR_B4-20250920-0453,Cash,EMP395,ARUN,HomeDelivery
BLR_B1,HSR,p1,TV-43IN,T2,1,22,INV-BLR_B1-20250922-0454,Card,EMP307,KISHORE,Pickup
BLR_B1,HSR,p3,WM-Semi-Automatic,WM2,1,12,INV-BLR_B1-20250912-0455,UPI,EMP351,KISHORE,Pickup
BLR_B1,HSR,p2,AC-1T,A1,3,4,INV-BLR_B1-20250904-0456,EMI,EMP326,KISHORE,Pickup
BLR_B3,WHITEFIELD,p3,WM-Automatic,WM1,1,4,INV-BLR_B3-20250904-0457,Cash,EMP336,RAVI,HomeDelivery
BLR_B3,WHITEFIELD,p4,FR-Small,FR1,1,21,INV-BLR_B3-20250921-0458,Cash,EMP380,RAVI,Pickup
BLR_B3,WHITEFIELD,p1,TV-43IN,T2,2,25,INV-BLR_B3-20250925-0459,Cash,EMP353,RAVI,HomeDelivery
BLR_B2,MAJESTIC,p3,WM-Normal,WM3,2,16,INV-BLR_B2-20250916-0460,EMI,EMP335,ROHIT,Pickup
BLR_B3,WHITEFIELD,p3,WM-Automatic,WM1,3,19,INV-BLR_B3-20250919-0461,UPI,EMP301,RAVI,Pickup
BLR_B1,HSR,p2,AC-1T,A1,1,29,INV-BLR_B1-20250929-0462,Card,EMP313,KISHORE,HomeDelivery
BLR_B3,WHITEFIELD,p1,TV-85IN,T4,3,11,INV-BLR_B3-20250911-0463,Card,EMP346,RAVI,HomeDelivery
BLR_B4,EC_CITY,p2,AC-2T,A3,3,8,INV-BLR_B4-20250908-0464,Cash,EMP373,ARUN,Pickup
BLR_B2,MAJESTIC,p2,AC-1T,A1,3,4,INV-BLR_B2-20250904-0465,Card,EMP340,ROHIT,Pickup
BLR_B1,HSR,p3,WM-Semi-Automatic,WM2,3,3,INV-BLR_B1-20250903-0466,EMI,EMP360,KISHORE,Pickup
BLR_B3,WHITEFIELD,p1,TV-32IN,T1,3,19,INV-BLR_B3-20250919-0467,Card,EMP343,RAVI,HomeDelivery
BLR_B4,EC_CITY,p4,FR-Big,FR2,1,5,INV-BLR_B4-20250905-0468,EMI,EMP371,ARUN,HomeDelivery
BLR_B4,EC_CITY,p1,TV-32IN,T1,2,19,INV-BLR_B4-20250919-0469,Cash,EMP309,ARUN,Pickup
BLR_B1,HSR,p4,FR-Big,FR2,1,5,INV-BLR_B1-20250905-0470,Card,EMP356,KISHORE,HomeDelivery
BLR_B4,EC_CITY,p1,TV-55IN,T3,2,10,INV-BLR_B4-20250910-0471,UPI,EMP320,ARUN,Pickup
BLR_B4,EC_CITY,p3,WM-Automatic,WM1,3,11,INV-BLR_B4-20250911-0472,Cash,EMP372,ARUN,HomeDelivery
BLR_B4,EC_CITY,p1,TV-55IN,T3,3,12,INV-BLR_B4-20250912-0473,Card,EMP371,ARUN,HomeDelivery
BLR_B1,HSR,p1,TV-32IN,T1,2,22,INV-BLR_B1-20250922-0474,EMI,EMP392,KISHORE,HomeDelivery
BLR_B2,MAJESTIC,p2,AC-1T,A1,2,17,INV-BLR_B2-20250917-0475,Cash,EMP311,ROHIT,HomeDelivery
BLR_B2,MAJESTIC,p3,WM-Automatic,WM1,2,17,INV-BLR_B2-20250917-0476,EMI,EMP335,ROHIT,HomeDelivery
BLR_B3,WHITEFIELD,p1,TV-85IN,T4,2,5,INV-BLR_B3-20250905-0477,Cash,EMP320,RAVI,Pickup
BLR_B2,MAJESTIC,p2,AC-2T,A3,3,15,INV-BLR_B2-20250915-0478,UPI,EMP380,ROHIT,Pickup
BLR_B3,WHITEFIELD,p1,TV-85IN,T4,2,14,INV-BLR_B3-20250914-0479,UPI,EMP346,RAVI,HomeDelivery
BLR_B2,MAJESTIC,p4,FR-Double-Door,FR3,2,7,INV-BLR_B2-20250907-0480,Cash,EMP322,ROHIT,HomeDelivery
BLR_B4,EC_CITY,p2,AC-1T,A1,3,16,INV-BLR_B4-20250916-0481,Cash,EMP348,ARUN,HomeDelivery
BLR_B3,WHITEFIELD,p1,TV-85IN,T4,3,20,INV-BLR_B3-20250920-0482,Card,EMP362,RAVI,Pickup
BLR_B3,WHITEFIELD,p1,TV-43IN,T2,3,27,INV-BLR_B3-20250927-0483,EMI,EMP324,RAVI,Pickup
BLR_B4,EC_CITY,p1,TV-55IN,T3,1,18,INV-BLR_B4-20250918-0484,UPI,EMP380,ARUN,Pickup
BLR_B1,HSR,p3,WM-Automatic,WM1,1,24,INV-BLR_B1-20250924-0485,Card,EMP314,KISHORE,HomeDelivery
BLR_B1,HSR,p2,AC-1T,A1,3,8,INV-BLR_B1-20250908-0486,Card,EMP322,KISHORE,Pickup
BLR_B4,EC_CITY,p1,TV-85IN,T4,2,9,INV-BLR_B4-20250909-0487,Card,EMP372,ARUN,Pickup
BLR_B4,EC_CITY,p3,WM-Automatic,WM1,2,9,INV-BLR_B4-20250909-0488,Cash,EMP326,ARUN,Pickup
BLR_B4,EC_CITY,p2,AC-1.5T,A2,3,27,INV-BLR_B4-20250927-0489,UPI,EMP333,ARUN,HomeDelivery
BLR_B1,HSR,p1,TV-32IN,T1,2,24,INV-BLR_B1-20250924-0490,Cash,EMP343,KISHORE,HomeDelivery
BLR_B3,WHITEFIELD,p2,AC-1.5T,A2,2,17,INV-BLR_B3-20250917-0491,Card,EMP368,RAVI,HomeDelivery
BLR_B3,WHITEFIELD,p1,TV-43IN,T2,2,28,INV-BLR_B3-20250928-0492,Card,EMP397,RAVI,Pickup
BLR_B4,EC_CITY,p2,AC-2T,A3,2,26,INV-BLR_B4-20250926-0493,Cash,EMP335,ARUN,HomeDelivery
BLR_B3,WHITEFIELD,p4,FR-Small,FR1,1,17,INV-BLR_B3-20250917-0494,Cash,EMP350,RAVI,HomeDelivery
BLR_B1,HSR,p1,TV-43IN,T2,3,28,INV-BLR_B1-20250928-0495,Card,EMP379,KISHORE,HomeDelivery
BLR_B1,HSR,p1,TV-55IN,T3,3,14,INV-BLR_B1-20250914-0496,Card,EMP319,KISHORE,Pickup
BLR_B1,HSR,p1,TV-85IN,T4,3,6,INV-BLR_B1-20250906-0497,UPI,EMP330,KISHORE,HomeDelivery
BLR_B3,WHITEFIELD,p2,AC-2T,A3,1,26,INV-BLR_B3-20250926-0498,UPI,EMP301,RAVI,Pickup
BLR_B3,WHITEFIELD,p3,WM-Automatic,WM1,2,25,INV-BLR_B3-20250925-0499,Card,EMP329,RAVI,HomeDelivery
BLR_B2,MAJESTIC,p1,TV-85IN,T4,3,3,INV-BLR_B2-20250903-0500,EMI,EMP301,ROHIT,Pickup
BLR_B4,EC_CITY,p2,AC-2T,A3,2,23,INV-BLR_B4-20250923-0501,EMI,EMP367,ARUN,Pickup
BLR_B1,HSR,p4,FR-Small,FR1,2,20,INV-BLR_B1-20250920-0502,UPI,EMP357,KISHORE,HomeDelivery
BLR_B2,MAJESTIC,p2,AC-1T,A1,1,25,INV-BLR_B2-20250925-0503,UPI,EMP310,ROHIT,HomeDelivery
BLR_B4,EC_CITY,p4,FR-Double-Door,FR3,3,27,INV-BLR_B4-20250927-0504,Card,EMP358,ARUN,HomeDelivery
BLR_B2,MAJESTIC,p1,TV-85IN,T4,2,27,INV-BLR_B2-20250927-0505,UPI,EMP311,ROHIT,HomeDelivery
BLR_B3,WHITEFIELD,p4,FR-Double-Door,FR3,2,16,INV-BLR_B3-20250916-0506,EMI,EMP343,RAVI,Pickup
BLR_B1,HSR,p1,TV-32IN,T1,3,27,INV-BLR_B1-20250927-0507,UPI,EMP367,KISHORE,Pickup
BLR_B4,EC_CITY,p1,TV-85IN,T4,2,11,INV-BLR_B4-20250911-0508,Cash,EMP331,ARUN,HomeDelivery
BLR_B2,MAJESTIC,p2,AC-1T,A1,1,8,INV-BLR_B2-20250908-0509,UPI,EMP377,ROHIT,HomeDelivery
BLR_B3,WHITEFIELD,p2,AC-1T,A1,1,1,INV-BLR_B3-20250901-0510,Card,EMP370,RAVI,Pickup
BLR_B1,HSR,p4,FR-Small,FR1,2,2,INV-BLR_B1-20250902-0511,UPI,EMP370,KISHORE,Pickup
BLR_B4,EC_CITY,p1,TV-43IN,T2,1,6,INV-BLR_B4-20250906-0512,EMI,EMP375,ARUN,HomeDelivery
BLR_B3,WHITEFIELD,p3,WM-Semi-Automatic,WM2,1,14,INV-BLR_B3-20250914-0513,UPI,EMP369,RAVI,Pickup
BLR_B4,EC_CITY,p2,AC-2T,A3,3,20,INV-BLR_B4-20250920-0514,UPI,EMP384,ARUN,Pickup
BLR_B2,MAJESTIC,p1,TV-43IN,T2,2,5,INV-BLR_B2-20250905-0515,Cash,EMP339,ROHIT,Pickup
BLR_B2,MAJESTIC,p4,FR-Small,FR1,2,11,INV-BLR_B2-20250911-0516,Card,EMP394,ROHIT,HomeDelivery
BLR_B3,WHITEFIELD,p2,AC-2T,A3,3,13,INV-BLR_B3-20250913-0517,EMI,EMP380,RAVI,HomeDelivery
BLR_B2,MAJESTIC,p4,FR-Double-Door,FR3,3,28,INV-BLR_B2-20250928-0518,UPI,EMP342,ROHIT,Pickup
BLR_B2,MAJESTIC,p1,TV-43IN,T2,2,16,INV-BLR_B2-20250916-0519,Card,EMP325,ROHIT,Pickup
BLR_B3,WHITEFIELD,p1,TV-32IN,T1,3,25,INV-BLR_B3-20250925-0520,Cash,EMP312,RAVI,HomeDelivery
BLR_B3,WHITEFIELD,p1,TV-32IN,T1,3,16,INV-BLR_B3-20250916-0521,EMI,EMP380,RAVI,Pickup
BLR_B1,HSR,p2,AC-1T,A1,3,20,INV-BLR_B1-20250920-0522,Cash,EMP369,KISHORE,HomeDelivery
BLR_B4,EC_CITY,p4,FR-Double-Door,FR3,1,23,INV-BLR_B4-20250923-0523,UPI,EMP324,ARUN,Pickup
BLR_B3,WHITEFIELD,p4,FR-Big,FR2,2,21,INV-BLR_B3-20250921-0524,Cash,EMP358,RAVI,Pickup
BLR_B2,MAJESTIC,p2,AC-1.5T,A2,1,21,INV-BLR_B2-20250921-0525,Cash,EMP355,ROHIT,HomeDelivery
BLR_B4,EC_CITY,p4,FR-Double-Door,FR3,3,9,INV-BLR_B4-20250909-0526,Cash,EMP335,ARUN,Pickup
BLR_B2,MAJESTIC,p2,AC-1T,A1,2,30,INV-BLR_B2-20250930-0527,Card,EMP375,ROHIT,Pickup
BLR_B1,HSR,p1,TV-55IN,T3,1,24,INV-BLR_B1-20250924-0528,Card,EMP332,KISHORE,HomeDelivery
BLR_B2,MAJESTIC,p2,AC-1.5T,A2,1,13,INV-BLR_B2-20250913-0529,UPI,EMP309,ROHIT,HomeDelivery
BLR_B3,WHITEFIELD,p4,FR-Small,FR1,1,12,INV-BLR_B3-20250912-0530,EMI,EMP380,RAVI,Pickup
BLR_B3,WHITEFIELD,p4,FR-Double-Door,FR3,2,28,INV-BLR_B3-20250928-0531,EMI,EMP376,RAVI,HomeDelivery
BLR_B4,EC_CITY,p2,AC-1.5T,A2,3,8,INV-BLR_B4-20250908-0532,Cash,EMP335,ARUN,HomeDelivery
BLR_B3,WHITEFIELD,p3,WM-Automatic,WM1,2,12,INV-BLR_B3-20250912-0533,EMI,EMP327,RAVI,HomeDelivery
BLR_B4,EC_CITY,p1,TV-32IN,T1,3,24,INV-BLR_B4-20250924-0534,UPI,EMP330,ARUN,Pickup
BLR_B2,MAJESTIC,p4,FR-Double-Door,FR3,2,4,INV-BLR_B2-20250904-0535,Card,EMP367,ROHIT,HomeDelivery
BLR_B2,MAJESTIC,p1,TV-85IN,T4,1,16,INV-BLR_B2-20250916-0536,Cash,EMP397,ROHIT,Pickup
BLR_B4,EC_CITY,p1,TV-32IN,T1,1,2,INV-BLR_B4-20250902-0537,EMI,EMP394,ARUN,HomeDelivery
BLR_B3,WHITEFIELD,p1,TV-32IN,T1,2,13,INV-BLR_B3-20250913-0538,Cash,EMP303,RAVI,HomeDelivery
BLR_B1,HSR,p4,FR-Big,FR2,3,13,INV-BLR_B1-20250913-0539,EMI,EMP348,KISHORE,Pickup
BLR_B2,MAJESTIC,p2,AC-1T,A1,2,2,INV-BLR_B2-20250902-0540,EMI,EMP337,ROHIT,HomeDelivery
BLR_B2,MAJESTIC,p1,TV-43IN,T2,2,29,INV-BLR_B2-20250929-0541,Card,EMP392,ROHIT,Pickup
BLR_B4,EC_CITY,p4,FR-Small,FR1,1,17,INV-BLR_B4-20250917-0542,EMI,EMP323,ARUN,HomeDelivery
BLR_B4,EC_CITY,p3,WM-Automatic,WM1,3,4,INV-BLR_B4-20250904-0543,Cash,EMP345,ARUN,HomeDelivery
BLR_B1,HSR,p1,TV-43IN,T2,2,6,INV-BLR_B1-20250906-0544,Card,EMP394,KISHORE,Pickup
BLR_B2,MAJESTIC,p3,WM-Semi-Automatic,WM2,2,1,INV-BLR_B2-20250901-0545,Card,EMP397,ROHIT,Pickup
BLR_B4,EC_CITY,p3,WM-Semi-Automatic,WM2,2,13,INV-BLR_B4-20250913-0546,EMI,EMP334,ARUN,Pickup
BLR_B3,WHITEFIELD,p3,WM-Semi-Automatic,WM2,3,21,INV-BLR_B3-20250921-0547,Card,EMP303,RAVI,HomeDelivery
BLR_B2,MAJESTIC,p1,TV-55IN,T3,1,25,INV-BLR_B2-20250925-0548,Card,EMP320,ROHIT,HomeDelivery
BLR_B3,WHITEFIELD,p4,FR-Double-Door,FR3,3,22,INV-BLR_B3-20250922-0549,UPI,EMP369,RAVI,HomeDelivery
BLR_B2,MAJESTIC,p2,AC-2T,A3,2,17,INV-BLR_B2-20250917-0550,Cash,EMP393,ROHIT,Pickup
BLR_B1,HSR,p1,TV-85IN,T4,2,8,INV-BLR_B1-20250908-0551,Cash,EMP313,KISHORE,HomeDelivery
BLR_B4,EC_CITY,p4,FR-Double-Door,FR3,2,8,INV-BLR_B4-20250908-0552,UPI,EMP373,ARUN,HomeDelivery
BLR_B4,EC_CITY,p3,WM-Semi-Automatic,WM2,2,26,INV-BLR_B4-20250926-0553,EMI,EMP393,ARUN,Pickup
BLR_B4,EC_CITY,p1,TV-85IN,T4,1,24,INV-BLR_B4-20250924-0554,UPI,EMP389,ARUN,Pickup
BLR_B4,EC_CITY,p4,FR-Small,FR1,3,21,INV-BLR_B4-20250921-0555,EMI,EMP303,ARUN,HomeDelivery
BLR_B2,MAJESTIC,p1,TV-55IN,T3,3,26,INV-BLR_B2-20250926-0556,Cash,EMP346,ROHIT,HomeDelivery
BLR_B4,EC_CITY,p3,WM-Automatic,WM1,2,1,INV-BLR_B4-20250901-0557,UPI,EMP367,ARUN,Pickup
BLR_B1,HSR,p1,TV-43IN,T2,3,17,INV-BLR_B1-20250917-0558,Card,EMP371,KISHORE,HomeDelivery
BLR_B3,WHITEFIELD,p1,TV-85IN,T4,3,8,INV-BLR_B3-20250908-0559,EMI,EMP352,RAVI,Pickup
BLR_B3,WHITEFIELD,p3,WM-Semi-Automatic,WM2,2,15,INV-BLR_B3-20250915-0560,Card,EMP318,RAVI,HomeDelivery
BLR_B2,MAJESTIC,p1,TV-32IN,T1,2,30,INV-BLR_B2-20250930-0561,UPI,EMP332,ROHIT,Pickup
BLR_B3,WHITEFIELD,p4,FR-Double-Door,FR3,3,7,INV-BLR_B3-20250907-0562,UPI,EMP325,RAVI,Pickup
BLR_B1,HSR,p1,TV-43IN,T2,2,29,INV-BLR_B1-20250929-0563,Cash,EMP372,KISHORE,HomeDelivery
BLR_B3,WHITEFIELD,p1,TV-32IN,T1,2,4,INV-BLR_B3-20250904-0564,Cash,EMP400,RAVI,Pickup
BLR_B4,EC_CITY,p2,AC-2T,A3,2,10,INV-BLR_B4-20250910-0565,EMI,EMP321,ARUN,HomeDelivery
BLR_B3,WHITEFIELD,p1,TV-43IN,T2,3,6,INV-BLR_B3-20250906-0566,Cash,EMP375,RAVI,HomeDelivery
BLR_B1,HSR,p1,TV-85IN,T4,3,1,INV-BLR_B1-20250901-0567,Card,EMP322,KISHORE,Pickup
BLR_B1,HSR,p1,TV-55IN,T3,1,13,INV-BLR_B1-20250913-0568,UPI,EMP358,KISHORE,HomeDelivery
BLR_B3,WHITEFIELD,p1,TV-85IN,T4,2,16,INV-BLR_B3-20250916-0569,EMI,EMP357,RAVI,Pickup
BLR_B3,WHITEFIELD,p2,AC-1T,A1,1,29,INV-BLR_B3-20250929-0570,Cash,EMP372,RAVI,Pickup
BLR_B1,HSR,p2,AC-1T,A1,2,3,INV-BLR_B1-20250903-0571,UPI,EMP361,KISHORE,HomeDelivery
BLR_B3,WHITEFIELD,p2,AC-1.5T,A2,3,24,INV-BLR_B3-20250924-0572,Card,EMP311,RAVI,Pickup
BLR_B2,MAJESTIC,p2,AC-1.5T,A2,3,4,INV-BLR_B2-20250904-0573,Cash,EMP383,ROHIT,HomeDelivery
BLR_B3,WHITEFIELD,p4,FR-Double-Door,FR3,3,9,INV-BLR_B3-20250909-0574,UPI,EMP308,RAVI,Pickup
BLR_B4,EC_CITY,p1,TV-43IN,T2,2,29,INV-BLR_B4-20250929-0575,Cash,EMP344,ARUN,HomeDelivery
BLR_B1,HSR,p4,FR-Small,FR1,1,3,INV-BLR_B1-20250903-0576,Card,EMP372,KISHORE,HomeDelivery
BLR_B4,EC_CITY,p1,TV-43IN,T2,3,5,INV-BLR_B4-20250905-0577,Cash,EMP383,ARUN,HomeDelivery
BLR_B2,MAJESTIC,p1,TV-85IN,T4,1,23,INV-BLR_B2-20250923-0578,EMI,EMP385,ROHIT,HomeDelivery
BLR_B1,HSR,p2,AC-2T,A3,1,3,INV-BLR_B1-20250903-0579,EMI,EMP343,KISHORE,Pickup
BLR_B2,MAJESTIC,p2,AC-1.5T,A2,2,11,INV-BLR_B2-20250911-0580,EMI,EMP389,ROHIT,HomeDelivery
BLR_B4,EC_CITY,p1,TV-55IN,T3,2,17,INV-BLR_B4-20250917-0581,EMI,EMP330,ARUN,HomeDelivery
BLR_B2,MAJESTIC,p3,WM-Semi-Automatic,WM2,3,15,INV-BLR_B2-20250915-0582,Card,EMP305,ROHIT,HomeDelivery
BLR_B3,WHITEFIELD,p4,FR-Small,FR1,2,6,INV-BLR_B3-20250906-0583,UPI,EMP351,RAVI,HomeDelivery
BLR_B1,HSR,p1,TV-55IN,T3,1,27,INV-BLR_B1-20250927-0584,Cash,EMP348,KISHORE,HomeDelivery
BLR_B1,HSR,p1,TV-43IN,T2,3,7,INV-BLR_B1-20250907-0585,UPI,EMP387,KISHORE,HomeDelivery
BLR_B2,MAJESTIC,p3,WM-Automatic,WM1,2,14,INV-BLR_B2-20250914-0586,EMI,EMP369,ROHIT,HomeDelivery
BLR_B4,EC_CITY,p2,AC-1.5T,A2,2,10,INV-BLR_B4-20250910-0587,EMI,EMP332,ARUN,HomeDelivery
BLR_B4,EC_CITY,p1,TV-55IN,T3,2,1,INV-BLR_B4-20250901-0588,EMI,EMP343,ARUN,Pickup
BLR_B1,HSR,p1,TV-43IN,T2,1,3,INV-BLR_B1-20250903-0589,UPI,EMP342,KISHORE,HomeDelivery
BLR_B3,WHITEFIELD,p1,TV-55IN,T3,2,29,INV-BLR_B3-20250929-0590,Card,EMP339,RAVI,HomeDelivery
BLR_B3,WHITEFIELD,p4,FR-Small,FR1,3,13,INV-BLR_B3-20250913-0591,UPI,EMP314,RAVI,Pickup
BLR_B4,EC_CITY,p4,FR-Small,FR1,3,29,INV-BLR_B4-20250929-0592,EMI,EMP304,ARUN,HomeDelivery
BLR_B4,EC_CITY,p1,TV-32IN,T1,2,25,INV-BLR_B4-20250925-0593,Card,EMP335,ARUN,Pickup
BLR_B2,MAJESTIC,p4,FR-Big,FR2,3,8,INV-BLR_B2-20250908-0594,EMI,EMP386,ROHIT,Pickup
BLR_B3,WHITEFIELD,p3,WM-Semi-Automatic,WM2,3,29,INV-BLR_B3-20250929-0595,Cash,EMP357,RAVI,Pickup
BLR_B1,HSR,p4,FR-Big,FR2,2,26,INV-BLR_B1-20250926-0596,Cash,EMP331,KISHORE,HomeDelivery
BLR_B4,EC_CITY,p2,AC-2T,A3,2,30,INV-BLR_B4-20250930-0597,EMI,EMP378,ARUN,HomeDelivery
BLR_B4,EC_CITY,p2,AC-1.5T,A2,3,5,INV-BLR_B4-20250905-0598,UPI,EMP392,ARUN,HomeDelivery
BLR_B1,HSR,p2,AC-1T,A1,2,30,INV-BLR_B1-20250930-0599,UPI,EMP359,KISHORE,HomeDelivery
BLR_B2,MAJESTIC,p3,WM-Semi-Automatic,WM2,1,30,INV-BLR_B2-20250930-0600,Cash,EMP302,ROHIT,Pickup
BLR_B3,WHITEFIELD,p3,WM-Automatic,WM1,1,18,INV-BLR_B3-20250918-0601,UPI,EMP314,RAVI,HomeDelivery
BLR_B4,EC_CITY,p4,FR-Double-Door,FR3,1,7,INV-BLR_B4-20250907-0602,Card,EMP312,ARUN,HomeDelivery
BLR_B3,WHITEFIELD,p2,AC-1.5T,A2,3,28,INV-BLR_B3-20250928-0603,Card,EMP337,RAVI,Pickup
BLR_B2,MAJESTIC,p1,TV-55IN,T3,2,12,INV-BLR_B2-20250912-0604,UPI,EMP349,ROHIT,Pickup
BLR_B1,HSR,p1,TV-43IN,T2,3,5,INV-BLR_B1-20250905-0605,UPI,EMP328,KISHORE,HomeDelivery
BLR_B4,EC_CITY,p1,TV-43IN,T2,2,2,INV-BLR_B4-20250902-0606,UPI,EMP313,ARUN,HomeDelivery
BLR_B3,WHITEFIELD,p1,TV-32IN,T1,1,14,INV-BLR_B3-20250914-0607,Cash,EMP359,RAVI,HomeDelivery
BLR_B4,EC_CITY,p2,AC-2T,A3,3,5,INV-BLR_B4-20250905-0608,UPI,EMP382,ARUN,Pickup
BLR_B3,WHITEFIELD,p4,FR-Big,FR2,2,17,INV-BLR_B3-20250917-0609,Cash,EMP303,RAVI,Pickup
BLR_B2,MAJESTIC,p4,FR-Double-Door,FR3,1,8,INV-BLR_B2-20250908-0610,EMI,EMP394,ROHIT,Pickup
BLR_B3,WHITEFIELD,p2,AC-1.5T,A2,2,15,INV-BLR_B3-20250915-0611,Card,EMP319,RAVI,HomeDelivery
BLR_B1,HSR,p2,AC-1.5T,A2,1,11,INV-BLR_B1-20250911-0612,EMI,EMP337,KISHORE,HomeDelivery
BLR_B1,HSR,p1,TV-55IN,T3,2,2,INV-BLR_B1-20250902-0613,UPI,EMP316,KISHORE,HomeDelivery
BLR_B4,EC_CITY,p4,FR-Small,FR1,1,23,INV-BLR_B4-20250923-0614,UPI,EMP370,ARUN,HomeDelivery
BLR_B3,WHITEFIELD,p3,WM-Normal,WM3,1,23,INV-BLR_B3-20250923-0615,Cash,EMP386,RAVI,Pickup
BLR_B3,WHITEFIELD,p4,FR-Double-Door,FR3,2,24,INV-BLR_B3-20250924-0616,EMI,EMP316,RAVI,HomeDelivery
BLR_B3,WHITEFIELD,p3,WM-Automatic,WM1,1,26,INV-BLR_B3-20250926-0617,Card,EMP398,RAVI,Pickup
BLR_B2,MAJESTIC,p1,TV-85IN,T4,3,29,INV-BLR_B2-20250929-0618,EMI,EMP303,ROHIT,HomeDelivery
BLR_B3,WHITEFIELD,p4,FR-Small,FR1,2,24,INV-BLR_B3-20250924-0619,Cash,EMP374,RAVI,Pickup
BLR_B2,MAJESTIC,p4,FR-Big,FR2,3,15,INV-BLR_B2-20250915-0620,UPI,EMP335,ROHIT,HomeDelivery
BLR_B4,EC_CITY,p3,WM-Normal,WM3,1,3,INV-BLR_B4-20250903-0621,EMI,EMP368,ARUN,Pickup
BLR_B4,EC_CITY,p2,AC-1T,A1,2,21,INV-BLR_B4-20250921-0622,EMI,EMP364,ARUN,Pickup
BLR_B3,WHITEFIELD,p4,FR-Small,FR1,2,26,INV-BLR_B3-20250926-0623,EMI,EMP393,RAVI,HomeDelivery
BLR_B1,HSR,p1,TV-55IN,T3,1,9,INV-BLR_B1-20250909-0624,Card,EMP328,KISHORE,Pickup
BLR_B4,EC_CITY,p4,FR-Small,FR1,3,8,INV-BLR_B4-20250908-0625,Cash,EMP307,ARUN,Pickup
BLR_B1,HSR,p4,FR-Double-Door,FR3,1,5,INV-BLR_B1-20250905-0626,EMI,EMP321,KISHORE,Pickup
BLR_B1,HSR,p3,WM-Normal,WM3,2,11,INV-BLR_B1-20250911-0627,Card,EMP384,KISHORE,Pickup
BLR_B3,WHITEFIELD,p1,TV-85IN,T4,3,25,INV-BLR_B3-20250925-0628,Cash,EMP327,RAVI,HomeDelivery
BLR_B1,HSR,p2,AC-2T,A3,2,12,INV-BLR_B1-20250912-0629,Card,EMP364,KISHORE,Pickup
BLR_B2,MAJESTIC,p3,WM-Automatic,WM1,3,20,INV-BLR_B2-20250920-0630,EMI,EMP389,ROHIT,HomeDelivery
BLR_B1,HSR,p3,WM-Normal,WM3,2,3,INV-BLR_B1-20250903-0631,UPI,EMP321,KISHORE,HomeDelivery
BLR_B3,WHITEFIELD,p4,FR-Big,FR2,3,26,INV-BLR_B3-20250926-0632,Card,EMP390,RAVI,Pickup
BLR_B4,EC_CITY,p4,FR-Small,FR1,3,15,INV-BLR_B4-20250915-0633,UPI,EMP365,ARUN,Pickup
BLR_B1,HSR,p1,TV-43IN,T2,2,27,INV-BLR_B1-20250927-0634,UPI,EMP358,KISHORE,Pickup
BLR_B3,WHITEFIELD,p3,WM-Automatic,WM1,3,17,INV-BLR_B3-20250917-0635,EMI,EMP339,RAVI,HomeDelivery
BLR_B3,WHITEFIELD,p3,WM-Semi-Automatic,WM2,2,24,INV-BLR_B3-20250924-0636,Card,EMP339,RAVI,HomeDelivery
BLR_B4,EC_CITY,p4,FR-Big,FR2,1,7,INV-BLR_B4-20250907-0637,Card,EMP372,ARUN,HomeDelivery
BLR_B3,WHITEFIELD,p2,AC-1.5T,A2,1,23,INV-BLR_B3-20250923-0638,EMI,EMP326,RAVI,Pickup
BLR_B3,WHITEFIELD,p1,TV-85IN,T4,1,4,INV-BLR_B3-20250904-0639,Card,EMP319,RAVI,Pickup
BLR_B2,MAJESTIC,p1,TV-32IN,T1,1,9,INV-BLR_B2-20250909-0640,UPI,EMP396,ROHIT,Pickup
BLR_B2,MAJESTIC,p4,FR-Double-Door,FR3,3,13,INV-BLR_B2-20250913-0641,Cash,EMP311,ROHIT,Pickup
BLR_B2,MAJESTIC,p4,FR-Small,FR1,2,5,INV-BLR_B2-20250905-0642,Cash,EMP346,ROHIT,Pickup
BLR_B3,WHITEFIELD,p2,AC-1T,A1,3,7,INV-BLR_B3-20250907-0643,UPI,EMP314,RAVI,Pickup
BLR_B3,WHITEFIELD,p2,AC-1T,A1,1,15,INV-BLR_B3-20250915-0644,UPI,EMP371,RAVI,Pickup
BLR_B1,HSR,p4,FR-Big,FR2,3,7,INV-BLR_B1-20250907-0645,Cash,EMP312,KISHORE,Pickup
BLR_B3,WHITEFIELD,p1,TV-32IN,T1,1,20,INV-BLR_B3-20250920-0646,Card,EMP359,RAVI,HomeDelivery
BLR_B1,HSR,p1,TV-43IN,T2,2,9,INV-BLR_B1-20250909-0647,UPI,EMP358,KISHORE,Pickup
BLR_B3,WHITEFIELD,p3,WM-Semi-Automatic,WM2,1,25,INV-BLR_B3-20250925-0648,Cash,EMP400,RAVI,HomeDelivery
BLR_B1,HSR,p2,AC-1T,A1,1,10,INV-BLR_B1-20250910-0649,UPI,EMP304,KISHORE,HomeDelivery
BLR_B3,WHITEFIELD,p1,TV-43IN,T2,1,2,INV-BLR_B3-20250902-0650,Card,EMP338,RAVI,HomeDelivery
BLR_B1,HSR,p2,AC-1T,A1,3,7,INV-BLR_B1-20250907-0651,Cash,EMP326,KISHORE,Pickup
BLR_B2,MAJESTIC,p4,FR-Double-Door,FR3,1,1,INV-BLR_B2-20250901-0652,EMI,EMP302,ROHIT,HomeDelivery
BLR_B4,EC_CITY,p3,WM-Semi-Automatic,WM2,3,6,INV-BLR_B4-20250906-0653,Card,EMP320,ARUN,Pickup
BLR_B2,MAJESTIC,p1,TV-43IN,T2,1,1,INV-BLR_B2-20250901-0654,UPI,EMP331,ROHIT,Pickup
BLR_B1,HSR,p4,FR-Small,FR1,1,6,INV-BLR_B1-20250906-0655,UPI,EMP318,KISHORE,HomeDelivery
BLR_B1,HSR,p2,AC-2T,A3,2,15,INV-BLR_B1-20250915-0656,Cash,EMP375,KISHORE,HomeDelivery
BLR_B3,WHITEFIELD,p4,FR-Big,FR2,2,24,INV-BLR_B3-20250924-0657,Cash,EMP329,RAVI,Pickup
BLR_B1,HSR,p2,AC-2T,A3,3,19,INV-BLR_B1-20250919-0658,Cash,EMP311,KISHORE,Pickup
BLR_B4,EC_CITY,p4,FR-Small,FR1,3,1,INV-BLR_B4-20250901-0659,Card,EMP313,ARUN,HomeDelivery
BLR_B3,WHITEFIELD,p1,TV-32IN,T1,1,27,INV-BLR_B3-20250927-0660,EMI,EMP319,RAVI,Pickup
BLR_B4,EC_CITY,p1,TV-32IN,T1,1,13,INV-BLR_B4-20250913-0661,Card,EMP323,ARUN,HomeDelivery
BLR_B4,EC_CITY,p3,WM-Automatic,WM1,3,8,INV-BLR_B4-20250908-0662,UPI,EMP388,ARUN,HomeDelivery
BLR_B1,HSR,p4,FR-Small,FR1,2,11,INV-BLR_B1-20250911-0663,EMI,EMP302,KISHORE,Pickup
BLR_B4,EC_CITY,p3,WM-Automatic,WM1,3,10,INV-BLR_B4-20250910-0664,UPI,EMP395,ARUN,Pickup
BLR_B1,HSR,p2,AC-1.5T,A2,1,5,INV-BLR_B1-20250905-0665,Cash,EMP311,KISHORE,HomeDelivery
BLR_B4,EC_CITY,p3,WM-Normal,WM3,1,28,INV-BLR_B4-20250928-0666,EMI,EMP381,ARUN,HomeDelivery
BLR_B2,MAJESTIC,p4,FR-Big,FR2,3,1,INV-BLR_B2-20250901-0667,Cash,EMP318,ROHIT,HomeDelivery
BLR_B4,EC_CITY,p1,TV-55IN,T3,2,21,INV-BLR_B4-20250921-0668,Card,EMP331,ARUN,Pickup
BLR_B4,EC_CITY,p4,FR-Big,FR2,3,28,INV-BLR_B4-20250928-0669,Card,EMP343,ARUN,HomeDelivery
BLR_B1,HSR,p4,FR-Big,FR2,2,14,INV-BLR_B1-20250914-0670,EMI,EMP360,KISHORE,Pickup
BLR_B1,HSR,p4,FR-Small,FR1,2,23,INV-BLR_B1-20250923-0671,Cash,EMP349,KISHORE,HomeDelivery
BLR_B3,WHITEFIELD,p2,AC-2T,A3,2,20,INV-BLR_B3-20250920-0672,UPI,EMP312,RAVI,Pickup
BLR_B1,HSR,p2,AC-2T,A3,2,20,INV-BLR_B1-20250920-0673,Cash,EMP308,KISHORE,HomeDelivery
BLR_B4,EC_CITY,p2,AC-1.5T,A2,1,14,INV-BLR_B4-20250914-0674,Cash,EMP309,ARUN,HomeDelivery
BLR_B1,HSR,p1,TV-32IN,T1,2,3,INV-BLR_B1-20250903-0675,EMI,EMP382,KISHORE,HomeDelivery
BLR_B3,WHITEFIELD,p1,TV-32IN,T1,1,7,INV-BLR_B3-20250907-0676,Card,EMP320,RAVI,Pickup
BLR_B2,MAJESTIC,p1,TV-43IN,T2,2,23,INV-BLR_B2-20250923-0677,Cash,EMP379,ROHIT,HomeDelivery
BLR_B1,HSR,p3,WM-Semi-Automatic,WM2,2,1,INV-BLR_B1-20250901-0678,Card,EMP305,KISHORE,Pickup
BLR_B3,WHITEFIELD,p2,AC-2T,A3,3,10,INV-BLR_B3-20250910-0679,UPI,EMP310,RAVI,HomeDelivery
BLR_B1,HSR,p3,WM-Automatic,WM1,2,12,INV-BLR_B1-20250912-0680,Cash,EMP320,KISHORE,HomeDelivery
BLR_B4,EC_CITY,p1,TV-43IN,T2,1,26,INV-BLR_B4-20250926-0681,UPI,EMP309,ARUN,HomeDelivery
BLR_B1,HSR,p4,FR-Big,FR2,3,1,INV-BLR_B1-20250901-0682,Card,EMP311,KISHORE,Pickup
BLR_B3,WHITEFIELD,p2,AC-1T,A1,3,9,INV-BLR_B3-20250909-0683,EMI,EMP310,RAVI,HomeDelivery
BLR_B3,WHITEFIELD,p1,TV-55IN,T3,1,1,INV-BLR_B3-20250901-0684,Card,EMP375,RAVI,HomeDelivery
BLR_B4,EC_CITY,p3,WM-Automatic,WM1,3,22,INV-BLR_B4-20250922-0685,UPI,EMP362,ARUN,HomeDelivery
BLR_B1,HSR,p1,TV-55IN,T3,1,1,INV-BLR_B1-20250901-0686,Cash,EMP347,KISHORE,HomeDelivery
BLR_B3,WHITEFIELD,p1,TV-55IN,T3,1,20,INV-BLR_B3-20250920-0687,Cash,EMP370,RAVI,HomeDelivery
BLR_B4,EC_CITY,p1,TV-55IN,T3,3,6,INV-BLR_B4-20250906-0688,Cash,EMP349,ARUN,HomeDelivery
BLR_B2,MAJESTIC,p4,FR-Big,FR2,2,6,INV-BLR_B2-20250906-0689,Card,EMP387,ROHIT,Pickup
BLR_B1,HSR,p2,AC-1T,A1,3,19,INV-BLR_B1-20250919-0690,UPI,EMP301,KISHORE,HomeDelivery
BLR_B3,WHITEFIELD,p1,TV-55IN,T3,1,8,INV-BLR_B3-20250908-0691,Card,EMP369,RAVI,HomeDelivery
BLR_B4,EC_CITY,p3,WM-Automatic,WM1,2,28,INV-BLR_B4-20250928-0692,Cash,EMP346,ARUN,HomeDelivery
BLR_B4,EC_CITY,p3,WM-Semi-Automatic,WM2,3,3,INV-BLR_B4-20250903-0693,UPI,EMP357,ARUN,HomeDelivery
BLR_B4,EC_CITY,p1,TV-43IN,T2,1,13,INV-BLR_B4-20250913-0694,Cash,EMP310,ARUN,Pickup
BLR_B2,MAJESTIC,p1,TV-32IN,T1,1,22,INV-BLR_B2-20250922-0695,EMI,EMP326,ROHIT,Pickup
BLR_B1,HSR,p4,FR-Double-Door,FR3,1,24,INV-BLR_B1-20250924-0696,EMI,EMP334,KISHORE,HomeDelivery
BLR_B2,MAJESTIC,p1,TV-43IN,T2,3,27,INV-BLR_B2-20250927-0697,Cash,EMP377,ROHIT,Pickup
BLR_B3,WHITEFIELD,p4,FR-Big,FR2,3,13,INV-BLR_B3-20250913-0698,EMI,EMP332,RAVI,Pickup
BLR_B2,MAJESTIC,p1,TV-43IN,T2,1,20,INV-BLR_B2-20250920-0699,Cash,EMP360,ROHIT,Pickup
BLR_B2,MAJESTIC,p2,AC-1.5T,A2,3,26,INV-BLR_B2-20250926-0700,EMI,EMP379,ROHIT,HomeDelivery
BLR_B4,EC_CITY,p4,FR-Big,FR2,3,1,INV-BLR_B4-20250901-0701,UPI,EMP366,ARUN,Pickup
BLR_B3,WHITEFIELD,p4,FR-Double-Door,FR3,2,4,INV-BLR_B3-20250904-0702,Cash,EMP345,RAVI,HomeDelivery
BLR_B4,EC_CITY,p3,WM-Normal,WM3,1,13,INV-BLR_B4-20250913-0703,UPI,EMP302,ARUN,Pickup
BLR_B1,HSR,p1,TV-85IN,T4,3,10,INV-BLR_B1-20250910-0704,Cash,EMP393,KISHORE,HomeDelivery
BLR_B2,MAJESTIC,p2,AC-1T,A1,3,9,INV-BLR_B2-20250909-0705,UPI,EMP317,ROHIT,Pickup
BLR_B3,WHITEFIELD,p2,AC-1T,A1,2,10,INV-BLR_B3-20250910-0706,EMI,EMP340,RAVI,HomeDelivery
BLR_B4,EC_CITY,p3,WM-Normal,WM3,3,20,INV-BLR_B4-20250920-0707,EMI,EMP383,ARUN,Pickup
BLR_B3,WHITEFIELD,p4,FR-Small,FR1,1,10,INV-BLR_B3-20250910-0708,Cash,EMP389,RAVI,Pickup
BLR_B2,MAJESTIC,p4,FR-Double-Door,FR3,2,19,INV-BLR_B2-20250919-0709,Cash,EMP367,ROHIT,Pickup
BLR_B1,HSR,p1,TV-43IN,T2,1,20,INV-BLR_B1-20250920-0710,UPI,EMP369,KISHORE,Pickup
BLR_B4,EC_CITY,p3,WM-Normal,WM3,3,23,INV-BLR_B4-20250923-0711,Cash,EMP352,ARUN,Pickup
BLR_B2,MAJESTIC,p3,WM-Normal,WM3,3,27,INV-BLR_B2-20250927-0712,Cash,EMP350,ROHIT,Pickup
BLR_B4,EC_CITY,p1,TV-32IN,T1,3,30,INV-BLR_B4-20250930-0713,UPI,EMP313,ARUN,HomeDelivery
BLR_B4,EC_CITY,p3,WM-Normal,WM3,2,19,INV-BLR_B4-20250919-0714,Cash,EMP321,ARUN,HomeDelivery
BLR_B2,MAJESTIC,p3,WM-Normal,WM3,1,9,INV-BLR_B2-20250909-0715,Cash,EMP386,ROHIT,HomeDelivery
BLR_B2,MAJESTIC,p3,WM-Semi-Automatic,WM2,2,4,INV-BLR_B2-20250904-0716,UPI,EMP365,ROHIT,Pickup
BLR_B2,MAJESTIC,p3,WM-Normal,WM3,1,23,INV-BLR_B2-20250923-0717,Cash,EMP382,ROHIT,HomeDelivery
BLR_B4,EC_CITY,p2,AC-2T,A3,3,17,INV-BLR_B4-20250917-0718,UPI,EMP381,ARUN,Pickup
BLR_B2,MAJESTIC,p2,AC-2T,A3,2,4,INV-BLR_B2-20250904-0719,EMI,EMP347,ROHIT,Pickup
BLR_B1,HSR,p2,AC-1.5T,A2,1,4,INV-BLR_B1-20250904-0720,EMI,EMP315,KISHORE,HomeDelivery
BLR_B4,EC_CITY,p1,TV-32IN,T1,1,3,INV-BLR_B4-20250903-0721,UPI,EMP365,ARUN,HomeDelivery
BLR_B2,MAJESTIC,p2,AC-2T,A3,1,8,INV-BLR_B2-20250908-0722,EMI,EMP397,ROHIT,Pickup
BLR_B4,EC_CITY,p4,FR-Big,FR2,1,25,INV-BLR_B4-20250925-0723,Card,EMP329,ARUN,Pickup
BLR_B4,EC_CITY,p3,WM-Semi-Automatic,WM2,1,30,INV-BLR_B4-20250930-0724,UPI,EMP341,ARUN,Pickup
BLR_B1,HSR,p1,TV-32IN,T1,2,23,INV-BLR_B1-20250923-0725,Card,EMP399,KISHORE,Pickup
BLR_B3,WHITEFIELD,p2,AC-1.5T,A2,3,9,INV-BLR_B3-20250909-0726,Cash,EMP346,RAVI,Pickup
BLR_B3,WHITEFIELD,p1,TV-32IN,T1,1,30,INV-BLR_B3-20250930-0727,Card,EMP349,RAVI,Pickup
BLR_B2,MAJESTIC,p1,TV-43IN,T2,2,10,INV-BLR_B2-20250910-0728,Card,EMP326,ROHIT,Pickup
BLR_B1,HSR,p2,AC-1.5T,A2,3,20,INV-BLR_B1-20250920-0729,Cash,EMP343,KISHORE,Pickup
BLR_B3,WHITEFIELD,p3,WM-Automatic,WM1,3,2,INV-BLR_B3-20250902-0730,EMI,EMP399,RAVI,HomeDelivery
BLR_B3,WHITEFIELD,p1,TV-43IN,T2,2,12,INV-BLR_B3-20250912-0731,Cash,EMP399,RAVI,HomeDelivery
BLR_B3,WHITEFIELD,p4,FR-Small,FR1,2,27,INV-BLR_B3-20250927-0732,UPI,EMP312,RAVI,HomeDelivery
BLR_B4,EC_CITY,p3,WM-Semi-Automatic,WM2,3,24,INV-BLR_B4-20250924-0733,EMI,EMP350,ARUN,HomeDelivery
BLR_B3,WHITEFIELD,p2,AC-1T,A1,2,13,INV-BLR_B3-20250913-0734,Cash,EMP343,RAVI,HomeDelivery
BLR_B2,MAJESTIC,p2,AC-1.5T,A2,1,15,INV-BLR_B2-20250915-0735,EMI,EMP340,ROHIT,HomeDelivery
BLR_B2,MAJESTIC,p2,AC-2T,A3,3,2,INV-BLR_B2-20250902-0736,Card,EMP393,ROHIT,Pickup
BLR_B1,HSR,p3,WM-Semi-Automatic,WM2,3,9,INV-BLR_B1-20250909-0737,UPI,EMP352,KISHORE,Pickup
BLR_B1,HSR,p4,FR-Big,FR2,1,12,INV-BLR_B1-20250912-0738,Card,EMP312,KISHORE,Pickup
BLR_B2,MAJESTIC,p4,FR-Small,FR1,2,22,INV-BLR_B2-20250922-0739,EMI,EMP368,ROHIT,HomeDelivery
BLR_B3,WHITEFIELD,p1,TV-32IN,T1,3,26,INV-BLR_B3-20250926-0740,Cash,EMP335,RAVI,Pickup
BLR_B2,MAJESTIC,p4,FR-Small,FR1,1,7,INV-BLR_B2-20250907-0741,EMI,EMP330,ROHIT,Pickup
BLR_B3,WHITEFIELD,p1,TV-85IN,T4,3,3,INV-BLR_B3-20250903-0742,UPI,EMP315,RAVI,Pickup
BLR_B3,WHITEFIELD,p1,TV-32IN,T1,1,5,INV-BLR_B3-20250905-0743,Cash,EMP325,RAVI,HomeDelivery
BLR_B1,HSR,p1,TV-55IN,T3,1,6,INV-BLR_B1-20250906-0744,UPI,EMP390,KISHORE,HomeDelivery
BLR_B3,WHITEFIELD,p1,TV-43IN,T2,1,23,INV-BLR_B3-20250923-0745,EMI,EMP366,RAVI,Pickup
BLR_B3,WHITEFIELD,p1,TV-43IN,T2,1,14,INV-BLR_B3-20250914-0746,Cash,EMP337,RAVI,Pickup
BLR_B1,HSR,p4,FR-Big,FR2,1,20,INV-BLR_B1-20250920-0747,EMI,EMP329,KISHORE,Pickup
BLR_B3,WHITEFIELD,p3,WM-Normal,WM3,3,11,INV-BLR_B3-20250911-0748,UPI,EMP342,RAVI,Pickup
BLR_B2,MAJESTIC,p3,WM-Automatic,WM1,1,24,INV-BLR_B2-20250924-0749,Card,EMP311,ROHIT,Pickup
BLR_B4,EC_CITY,p1,TV-32IN,T1,2,29,INV-BLR_B4-20250929-0750,Cash,EMP382,ARUN,HomeDelivery
BLR_B2,MAJESTIC,p1,TV-85IN,T4,1,6,INV-BLR_B2-20250906-0751,Cash,EMP302,ROHIT,HomeDelivery
BLR_B2,MAJESTIC,p1,TV-32IN,T1,2,26,INV-BLR_B2-20250926-0752,EMI,EMP335,ROHIT,Pickup
BLR_B3,WHITEFIELD,p2,AC-1T,A1,3,20,INV-BLR_B3-20250920-0753,Card,EMP366,RAVI,HomeDelivery
BLR_B4,EC_CITY,p3,WM-Semi-Automatic,WM2,2,16,INV-BLR_B4-20250916-0754,Card,EMP354,ARUN,HomeDelivery
BLR_B3,WHITEFIELD,p1,TV-55IN,T3,3,21,INV-BLR_B3-20250921-0755,EMI,EMP307,RAVI,HomeDelivery
BLR_B4,EC_CITY,p1,TV-85IN,T4,1,2,INV-BLR_B4-20250902-0756,Card,EMP343,ARUN,Pickup
BLR_B2,MAJESTIC,p1,TV-32IN,T1,3,29,INV-BLR_B2-20250929-0757,Card,EMP346,ROHIT,Pickup
BLR_B2,MAJESTIC,p3,WM-Automatic,WM1,2,7,INV-BLR_B2-20250907-0758,EMI,EMP386,ROHIT,HomeDelivery
BLR_B4,EC_CITY,p4,FR-Small,FR1,2,12,INV-BLR_B4-20250912-0759,EMI,EMP313,ARUN,Pickup
BLR_B3,WHITEFIELD,p2,AC-1T,A1,2,24,INV-BLR_B3-20250924-0760,Cash,EMP307,RAVI,HomeDelivery
BLR_B1,HSR,p1,TV-32IN,T1,1,19,INV-BLR_B1-20250919-0761,Card,EMP395,KISHORE,Pickup
BLR_B1,HSR,p1,TV-85IN,T4,2,4,INV-BLR_B1-20250904-0762,Cash,EMP372,KISHORE,HomeDelivery
BLR_B1,HSR,p4,FR-Small,FR1,1,30,INV-BLR_B1-20250930-0763,UPI,EMP340,KISHORE,HomeDelivery
BLR_B4,EC_CITY,p4,FR-Big,FR2,2,19,INV-BLR_B4-20250919-0764,Card,EMP365,ARUN,HomeDelivery
BLR_B3,WHITEFIELD,p1,TV-85IN,T4,2,7,INV-BLR_B3-20250907-0765,Cash,EMP380,RAVI,HomeDelivery
BLR_B2,MAJESTIC,p4,FR-Double-Door,FR3,3,27,INV-BLR_B2-20250927-0766,Cash,EMP322,ROHIT,HomeDelivery
BLR_B3,WHITEFIELD,p4,FR-Double-Door,FR3,2,25,INV-BLR_B3-20250925-0767,Cash,EMP358,RAVI,HomeDelivery
BLR_B3,WHITEFIELD,p3,WM-Automatic,WM1,3,30,INV-BLR_B3-20250930-0768,UPI,EMP354,RAVI,HomeDelivery
BLR_B3,WHITEFIELD,p4,FR-Small,FR1,2,9,INV-BLR_B3-20250909-0769,UPI,EMP363,RAVI,HomeDelivery
BLR_B3,WHITEFIELD,p1,TV-55IN,T3,2,16,INV-BLR_B3-20250916-0770,EMI,EMP364,RAVI,HomeDelivery
BLR_B2,MAJESTIC,p2,AC-2T,A3,3,6,INV-BLR_B2-20250906-0771,UPI,EMP385,ROHIT,HomeDelivery
BLR_B1,HSR,p1,TV-43IN,T2,2,16,INV-BLR_B1-20250916-0772,Card,EMP337,KISHORE,Pickup
BLR_B1,HSR,p1,TV-32IN,T1,2,20,INV-BLR_B1-20250920-0773,EMI,EMP328,KISHORE,Pickup
BLR_B4,EC_CITY,p4,FR-Big,FR2,1,15,INV-BLR_B4-20250915-0774,UPI,EMP342,ARUN,Pickup
BLR_B3,WHITEFIELD,p1,TV-43IN,T2,3,8,INV-BLR_B3-20250908-0775,EMI,EMP367,RAVI,Pickup
BLR_B3,WHITEFIELD,p3,WM-Automatic,WM1,2,21,INV-BLR_B3-20250921-0776,Card,EMP364,RAVI,HomeDelivery
BLR_B1,HSR,p3,WM-Automatic,WM1,3,17,INV-BLR_B1-20250917-0777,UPI,EMP357,KISHORE,HomeDelivery
BLR_B3,WHITEFIELD,p2,AC-2T,A3,2,11,INV-BLR_B3-20250911-0778,EMI,EMP329,RAVI,Pickup
BLR_B4,EC_CITY,p4,FR-Big,FR2,2,8,INV-BLR_B4-20250908-0779,Card,EMP345,ARUN,HomeDelivery
BLR_B3,WHITEFIELD,p4,FR-Big,FR2,1,12,INV-BLR_B3-20250912-0780,Card,EMP334,RAVI,Pickup
BLR_B2,MAJESTIC,p3,WM-Semi-Automatic,WM2,2,28,INV-BLR_B2-20250928-0781,Card,EMP370,ROHIT,Pickup
BLR_B4,EC_CITY,p2,AC-1.5T,A2,1,12,INV-BLR_B4-20250912-0782,EMI,EMP340,ARUN,HomeDelivery
BLR_B1,HSR,p3,WM-Semi-Automatic,WM2,2,30,INV-BLR_B1-20250930-0783,Cash,EMP351,KISHORE,Pickup
BLR_B1,HSR,p2,AC-1T,A1,2,15,INV-BLR_B1-20250915-0784,UPI,EMP349,KISHORE,HomeDelivery
BLR_B2,MAJESTIC,p1,TV-32IN,T1,3,25,INV-BLR_B2-20250925-0785,EMI,EMP309,ROHIT,HomeDelivery
BLR_B3,WHITEFIELD,p4,FR-Double-Door,FR3,1,18,INV-BLR_B3-20250918-0786,Cash,EMP364,RAVI,Pickup
BLR_B4,EC_CITY,p4,FR-Small,FR1,3,28,INV-BLR_B4-20250928-0787,EMI,EMP309,ARUN,Pickup
BLR_B1,HSR,p3,WM-Automatic,WM1,2,29,INV-BLR_B1-20250929-0788,EMI,EMP381,KISHORE,HomeDelivery
BLR_B1,HSR,p4,FR-Small,FR1,1,22,INV-BLR_B1-20250922-0789,UPI,EMP334,KISHORE,Pickup
BLR_B4,EC_CITY,p2,AC-1.5T,A2,1,1,INV-BLR_B4-20250901-0790,Cash,EMP378,ARUN,Pickup
BLR_B2,MAJESTIC,p1,TV-43IN,T2,1,2,INV-BLR_B2-20250902-0791,UPI,EMP334,ROHIT,Pickup
BLR_B4,EC_CITY,p4,FR-Double-Door,FR3,1,14,INV-BLR_B4-20250914-0792,EMI,EMP323,ARUN,HomeDelivery
BLR_B2,MAJESTIC,p4,FR-Double-Door,FR3,1,24,INV-BLR_B2-20250924-0793,UPI,EMP354,ROHIT,Pickup
BLR_B1,HSR,p1,TV-55IN,T3,3,21,INV-BLR_B1-20250921-0794,Cash,EMP359,KISHORE,Pickup
BLR_B1,HSR,p3,WM-Semi-Automatic,WM2,3,5,INV-BLR_B1-20250905-0795,UPI,EMP348,KISHORE,Pickup
BLR_B1,HSR,p1,TV-43IN,T2,2,18,INV-BLR_B1-20250918-0796,Card,EMP340,KISHORE,HomeDelivery
BLR_B2,MAJESTIC,p2,AC-1.5T,A2,1,16,INV-BLR_B2-20250916-0797,Card,EMP356,ROHIT,Pickup
BLR_B1,HSR,p3,WM-Normal,WM3,3,8,INV-BLR_B1-20250908-0798,UPI,EMP365,KISHORE,Pickup
BLR_B1,HSR,p1,TV-55IN,T3,3,10,INV-BLR_B1-20250910-0799,EMI,EMP363,KISHORE,HomeDelivery
BLR_B1,HSR,p3,WM-Automatic,WM1,2,5,INV-BLR_B1-20250905-0800,UPI,EMP310,KISHORE,HomeDelivery
BLR_B4,EC_CITY,p4,FR-Small,FR1,3,20,INV-BLR_B4-20250920-0801,UPI,EMP312,ARUN,Pickup
BLR_B2,MAJESTIC,p4,FR-Big,FR2,2,23,INV-BLR_B2-20250923-0802,Cash,EMP327,ROHIT,HomeDelivery
BLR_B2,MAJESTIC,p3,WM-Automatic,WM1,1,13,INV-BLR_B2-20250913-0803,EMI,EMP391,ROHIT,HomeDelivery
BLR_B2,MAJESTIC,p4,FR-Double-Door,FR3,2,3,INV-BLR_B2-20250903-0804,Card,EMP364,ROHIT,Pickup
BLR_B1,HSR,p4,FR-Double-Door,FR3,1,3,INV-BLR_B1-20250903-0805,Card,EMP393,KISHORE,HomeDelivery
BLR_B3,WHITEFIELD,p2,AC-2T,A3,2,18,INV-BLR_B3-20250918-0806,EMI,EMP374,RAVI,HomeDelivery
BLR_B4,EC_CITY,p2,AC-1T,A1,2,29,INV-BLR_B4-20250929-0807,EMI,EMP383,ARUN,Pickup
BLR_B4,EC_CITY,p1,TV-32IN,T1,1,26,INV-BLR_B4-20250926-0808,Cash,EMP335,ARUN,Pickup
BLR_B3,WHITEFIELD,p3,WM-Semi-Automatic,WM2,1,1,INV-BLR_B3-20250901-0809,UPI,EMP388,RAVI,Pickup
BLR_B4,EC_CITY,p4,FR-Big,FR2,2,18,INV-BLR_B4-20250918-0810,Cash,EMP377,ARUN,Pickup
BLR_B3,WHITEFIELD,p1,TV-55IN,T3,3,13,INV-BLR_B3-20250913-0811,Cash,EMP357,RAVI,HomeDelivery
BLR_B4,EC_CITY,p4,FR-Double-Door,FR3,2,30,INV-BLR_B4-20250930-0812,Card,EMP315,ARUN,HomeDelivery
BLR_B1,HSR,p2,AC-2T,A3,1,11,INV-BLR_B1-20250911-0813,EMI,EMP379,KISHORE,HomeDelivery
BLR_B2,MAJESTIC,p3,WM-Semi-Automatic,WM2,1,6,INV-BLR_B2-20250906-0814,UPI,EMP379,ROHIT,Pickup
BLR_B4,EC_CITY,p3,WM-Semi-Automatic,WM2,2,7,INV-BLR_B4-20250907-0815,UPI,EMP306,ARUN,Pickup
BLR_B2,MAJESTIC,p1,TV-85IN,T4,2,5,INV-BLR_B2-20250905-0816,EMI,EMP374,ROHIT,HomeDelivery
BLR_B2,MAJESTIC,p1,TV-32IN,T1,2,13,INV-BLR_B2-20250913-0817,UPI,EMP341,ROHIT,Pickup
BLR_B2,MAJESTIC,p1,TV-55IN,T3,2,7,INV-BLR_B2-20250907-0818,Card,EMP358,ROHIT,Pickup
BLR_B4,EC_CITY,p2,AC-1.5T,A2,2,21,INV-BLR_B4-20250921-0819,Card,EMP302,ARUN,Pickup
BLR_B2,MAJESTIC,p2,AC-1T,A1,1,11,INV-BLR_B2-20250911-0820,UPI,EMP306,ROHIT,Pickup
BLR_B3,WHITEFIELD,p4,FR-Double-Door,FR3,1,20,INV-BLR_B3-20250920-0821,EMI,EMP338,RAVI,HomeDelivery
BLR_B4,EC_CITY,p3,WM-Normal,WM3,3,7,INV-BLR_B4-20250907-0822,Cash,EMP301,ARUN,Pickup
BLR_B4,EC_CITY,p1,TV-43IN,T2,2,11,INV-BLR_B4-20250911-0823,Card,EMP340,ARUN,Pickup
BLR_B3,WHITEFIELD,p2,AC-2T,A3,3,29,INV-BLR_B3-20250929-0824,UPI,EMP304,RAVI,HomeDelivery
BLR_B4,EC_CITY,p3,WM-Normal,WM3,1,25,INV-BLR_B4-20250925-0825,EMI,EMP319,ARUN,Pickup
BLR_B3,WHITEFIELD,p1,TV-43IN,T2,2,11,INV-BLR_B3-20250911-0826,EMI,EMP355,RAVI,Pickup
BLR_B3,WHITEFIELD,p3,WM-Semi-Automatic,WM2,2,16,INV-BLR_B3-20250916-0827,Cash,EMP356,RAVI,Pickup
BLR_B1,HSR,p1,TV-85IN,T4,3,24,INV-BLR_B1-20250924-0828,UPI,EMP350,KISHORE,HomeDelivery
BLR_B1,HSR,p4,FR-Double-Door,FR3,2,1,INV-BLR_B1-20250901-0829,EMI,EMP329,KISHORE,Pickup
BLR_B1,HSR,p2,AC-1T,A1,3,23,INV-BLR_B1-20250923-0830,EMI,EMP375,KISHORE,HomeDelivery
BLR_B1,HSR,p4,FR-Double-Door,FR3,1,22,INV-BLR_B1-20250922-0831,EMI,EMP307,KISHORE,Pickup
BLR_B2,MAJESTIC,p2,AC-1.5T,A2,3,17,INV-BLR_B2-20250917-0832,Card,EMP344,ROHIT,HomeDelivery
BLR_B1,HSR,p2,AC-2T,A3,3,4,INV-BLR_B1-20250904-0833,Card,EMP343,KISHORE,HomeDelivery
BLR_B3,WHITEFIELD,p3,WM-Semi-Automatic,WM2,2,4,INV-BLR_B3-20250904-0834,EMI,EMP304,RAVI,Pickup
BLR_B3,WHITEFIELD,p1,TV-32IN,T1,2,29,INV-BLR_B3-20250929-0835,EMI,EMP363,RAVI,Pickup
BLR_B1,HSR,p1,TV-43IN,T2,1,13,INV-BLR_B1-20250913-0836,Card,EMP346,KISHORE,HomeDelivery
BLR_B3,WHITEFIELD,p3,WM-Semi-Automatic,WM2,2,19,INV-BLR_B3-20250919-0837,Cash,EMP380,RAVI,Pickup
BLR_B1,HSR,p2,AC-2T,A3,2,25,INV-BLR_B1-20250925-0838,UPI,EMP393,KISHORE,Pickup
BLR_B2,MAJESTIC,p4,FR-Double-Door,FR3,2,16,INV-BLR_B2-20250916-0839,Cash,EMP308,ROHIT,HomeDelivery
BLR_B3,WHITEFIELD,p1,TV-43IN,T2,2,30,INV-BLR_B3-20250930-0840,EMI,EMP304,RAVI,HomeDelivery
BLR_B3,WHITEFIELD,p1,TV-55IN,T3,3,17,INV-BLR_B3-20250917-0841,UPI,EMP363,RAVI,Pickup
BLR_B3,WHITEFIELD,p1,TV-55IN,T3,2,22,INV-BLR_B3-20250922-0842,Card,EMP388,RAVI,Pickup
BLR_B3,WHITEFIELD,p4,FR-Big,FR2,2,22,INV-BLR_B3-20250922-0843,Cash,EMP381,RAVI,HomeDelivery
BLR_B1,HSR,p4,FR-Double-Door,FR3,1,13,INV-BLR_B1-20250913-0844,EMI,EMP398,KISHORE,Pickup
BLR_B2,MAJESTIC,p4,FR-Small,FR1,2,25,INV-BLR_B2-20250925-0845,Card,EMP357,ROHIT,Pickup
BLR_B3,WHITEFIELD,p3,WM-Normal,WM3,3,17,INV-BLR_B3-20250917-0846,EMI,EMP310,RAVI,HomeDelivery
BLR_B1,HSR,p1,TV-32IN,T1,2,10,INV-BLR_B1-20250910-0847,Card,EMP311,KISHORE,HomeDelivery
BLR_B1,HSR,p1,TV-43IN,T2,2,2,INV-BLR_B1-20250902-0848,Cash,EMP348,KISHORE,HomeDelivery
BLR_B3,WHITEFIELD,p1,TV-55IN,T3,1,24,INV-BLR_B3-20250924-0849,Cash,EMP357,RAVI,HomeDelivery
BLR_B1,HSR,p2,AC-2T,A3,1,2,INV-BLR_B1-20250902-0850,Card,EMP324,KISHORE,HomeDelivery
BLR_B3,WHITEFIELD,p2,AC-1T,A1,3,14,INV-BLR_B3-20250914-0851,Cash,EMP352,RAVI,HomeDelivery
BLR_B2,MAJESTIC,p2,AC-1.5T,A2,1,27,INV-BLR_B2-20250927-0852,Cash,EMP324,ROHIT,HomeDelivery
BLR_B2,MAJESTIC,p2,AC-1.5T,A2,1,8,INV-BLR_B2-20250908-0853,Cash,EMP368,ROHIT,Pickup
BLR_B4,EC_CITY,p3,WM-Semi-Automatic,WM2,2,19,INV-BLR_B4-20250919-0854,Cash,EMP331,ARUN,HomeDelivery
BLR_B1,HSR,p3,WM-Normal,WM3,2,4,INV-BLR_B1-20250904-0855,EMI,EMP386,KISHORE,HomeDelivery
BLR_B2,MAJESTIC,p3,WM-Normal,WM3,2,8,INV-BLR_B2-20250908-0856,EMI,EMP327,ROHIT,Pickup
BLR_B4,EC_CITY,p1,TV-55IN,T3,1,16,INV-BLR_B4-20250916-0857,Cash,EMP359,ARUN,Pickup
BLR_B1,HSR,p1,TV-85IN,T4,2,17,INV-BLR_B1-20250917-0858,EMI,EMP321,KISHORE,Pickup
BLR_B3,WHITEFIELD,p1,TV-32IN,T1,3,18,INV-BLR_B3-20250918-0859,Cash,EMP347,RAVI,HomeDelivery
BLR_B2,MAJESTIC,p2,AC-2T,A3,2,7,INV-BLR_B2-20250907-0860,Card,EMP400,ROHIT,Pickup
BLR_B4,EC_CITY,p2,AC-1T,A1,3,19,INV-BLR_B4-20250919-0861,UPI,EMP372,ARUN,HomeDelivery
BLR_B4,EC_CITY,p3,WM-Semi-Automatic,WM2,2,20,INV-BLR_B4-20250920-0862,EMI,EMP334,ARUN,HomeDelivery
BLR_B3,WHITEFIELD,p1,TV-85IN,T4,2,6,INV-BLR_B3-20250906-0863,Card,EMP365,RAVI,Pickup
BLR_B2,MAJESTIC,p2,AC-2T,A3,1,23,INV-BLR_B2-20250923-0864,Cash,EMP375,ROHIT,HomeDelivery
BLR_B3,WHITEFIELD,p2,AC-1.5T,A2,3,10,INV-BLR_B3-20250910-0865,Card,EMP311,RAVI,HomeDelivery
BLR_B4,EC_CITY,p4,FR-Small,FR1,3,16,INV-BLR_B4-20250916-0866,UPI,EMP348,ARUN,Pickup
BLR_B3,WHITEFIELD,p1,TV-85IN,T4,1,2,INV-BLR_B3-20250902-0867,Cash,EMP344,RAVI,Pickup
BLR_B2,MAJESTIC,p1,TV-32IN,T1,3,20,INV-BLR_B2-20250920-0868,EMI,EMP306,ROHIT,Pickup
BLR_B2,MAJESTIC,p1,TV-43IN,T2,1,26,INV-BLR_B2-20250926-0869,UPI,EMP347,ROHIT,HomeDelivery
BLR_B3,WHITEFIELD,p4,FR-Small,FR1,2,1,INV-BLR_B3-20250901-0870,Cash,EMP348,RAVI,HomeDelivery
BLR_B3,WHITEFIELD,p3,WM-Semi-Automatic,WM2,1,6,INV-BLR_B3-20250906-0871,UPI,EMP317,RAVI,HomeDelivery
BLR_B4,EC_CITY,p2,AC-2T,A3,1,7,INV-BLR_B4-20250907-0872,UPI,EMP326,ARUN,Pickup
BLR_B2,MAJESTIC,p3,WM-Semi-Automatic,WM2,3,24,INV-BLR_B2-20250924-0873,EMI,EMP380,ROHIT,HomeDelivery
BLR_B1,HSR,p3,WM-Automatic,WM1,3,30,INV-BLR_B1-20250930-0874,UPI,EMP335,KISHORE,HomeDelivery
BLR_B4,EC_CITY,p1,TV-43IN,T2,2,8,INV-BLR_B4-20250908-0875,EMI,EMP384,ARUN,Pickup
BLR_B2,MAJESTIC,p1,TV-43IN,T2,1,11,INV-BLR_B2-20250911-0876,Cash,EMP358,ROHIT,HomeDelivery
BLR_B2,MAJESTIC,p4,FR-Small,FR1,2,1,INV-BLR_B2-20250901-0877,Card,EMP377,ROHIT,Pickup
BLR_B2,MAJESTIC,p1,TV-55IN,T3,3,30,INV-BLR_B2-20250930-0878,UPI,EMP349,ROHIT,HomeDelivery
BLR_B3,WHITEFIELD,p4,FR-Big,FR2,3,8,INV-BLR_B3-20250908-0879,Cash,EMP314,RAVI,HomeDelivery
BLR_B2,MAJESTIC,p2,AC-1.5T,A2,2,9,INV-BLR_B2-20250909-0880,UPI,EMP311,ROHIT,Pickup
BLR_B2,MAJESTIC,p4,FR-Double-Door,FR3,2,26,INV-BLR_B2-20250926-0881,EMI,EMP312,ROHIT,HomeDelivery
BLR_B2,MAJESTIC,p4,FR-Double-Door,FR3,1,22,INV-BLR_B2-20250922-0882,Card,EMP322,ROHIT,HomeDelivery
BLR_B3,WHITEFIELD,p2,AC-1T,A1,1,28,INV-BLR_B3-20250928-0883,Card,EMP329,RAVI,HomeDelivery
BLR_B2,MAJESTIC,p2,AC-2T,A3,3,5,INV-BLR_B2-20250905-0884,EMI,EMP336,ROHIT,Pickup
BLR_B4,EC_CITY,p2,AC-2T,A3,3,2,INV-BLR_B4-20250902-0885,Card,EMP307,ARUN,Pickup
BLR_B3,WHITEFIELD,p1,TV-32IN,T1,3,3,INV-BLR_B3-20250903-0886,UPI,EMP324,RAVI,Pickup
BLR_B2,MAJESTIC,p4,FR-Small,FR1,1,3,INV-BLR_B2-20250903-0887,EMI,EMP388,ROHIT,HomeDelivery
BLR_B2,MAJESTIC,p1,TV-85IN,T4,3,7,INV-BLR_B2-20250907-0888,EMI,EMP315,ROHIT,Pickup
BLR_B4,EC_CITY,p4,FR-Big,FR2,1,16,INV-BLR_B4-20250916-0889,Card,EMP334,ARUN,HomeDelivery
BLR_B1,HSR,p1,TV-85IN,T4,1,13,INV-BLR_B1-20250913-0890,UPI,EMP331,KISHORE,HomeDelivery
BLR_B2,MAJESTIC,p2,AC-1T,A1,1,21,INV-BLR_B2-20250921-0891,UPI,EMP317,ROHIT,Pickup
BLR_B3,WHITEFIELD,p1,TV-43IN,T2,1,4,INV-BLR_B3-20250904-0892,Cash,EMP399,RAVI,Pickup
BLR_B1,HSR,p4,FR-Big,FR2,1,6,INV-BLR_B1-20250906-0893,Card,EMP367,KISHORE,Pickup
BLR_B1,HSR,p1,TV-55IN,T3,3,8,INV-BLR_B1-20250908-0894,UPI,EMP372,KISHORE,Pickup
BLR_B4,EC_CITY,p4,FR-Big,FR2,1,30,INV-BLR_B4-20250930-0895,Cash,EMP365,ARUN,HomeDelivery
BLR_B2,MAJESTIC,p1,TV-55IN,T3,1,27,INV-BLR_B2-20250927-0896,UPI,EMP336,ROHIT,Pickup
BLR_B1,HSR,p2,AC-1.5T,A2,2,6,INV-BLR_B1-20250906-0897,Card,EMP370,KISHORE,HomeDelivery
BLR_B2,MAJESTIC,p2,AC-1T,A1,3,12,INV-BLR_B2-20250912-0898,Cash,EMP333,ROHIT,Pickup
BLR_B2,MAJESTIC,p1,TV-32IN,T1,3,2,INV-BLR_B2-20250902-0899,Cash,EMP349,ROHIT,Pickup
BLR_B3,WHITEFIELD,p1,TV-43IN,T2,3,5,INV-BLR_B3-20250905-0900,EMI,EMP335,RAVI,Pickup
BLR_B4,EC_CITY,p3,WM-Automatic,WM1,3,13,INV-BLR_B4-20250913-0901,Cash,EMP371,ARUN,Pickup
BLR_B4,EC_CITY,p1,TV-55IN,T3,1,8,INV-BLR_B4-20250908-0902,Card,EMP335,ARUN,HomeDelivery
BLR_B3,WHITEFIELD,p2,AC-1T,A1,2,17,INV-BLR_B3-20250917-0903,Cash,EMP333,RAVI,HomeDelivery
BLR_B4,EC_CITY,p4,FR-Double-Door,FR3,2,10,INV-BLR_B4-20250910-0904,UPI,EMP385,ARUN,HomeDelivery
BLR_B2,MAJESTIC,p2,AC-1T,A1,3,18,INV-BLR_B2-20250918-0905,Card,EMP371,ROHIT,HomeDelivery
BLR_B1,HSR,p3,WM-Automatic,WM1,1,18,INV-BLR_B1-20250918-0906,EMI,EMP375,KISHORE,Pickup
BLR_B1,HSR,p1,TV-32IN,T1,1,8,INV-BLR_B1-20250908-0907,EMI,EMP337,KISHORE,Pickup
BLR_B4,EC_CITY,p1,TV-85IN,T4,2,15,INV-BLR_B4-20250915-0908,EMI,EMP384,ARUN,HomeDelivery
BLR_B3,WHITEFIELD,p4,FR-Small,FR1,1,30,INV-BLR_B3-20250930-0909,EMI,EMP307,RAVI,Pickup
BLR_B4,EC_CITY,p2,AC-1T,A1,2,11,INV-BLR_B4-20250911-0910,Card,EMP397,ARUN,HomeDelivery
BLR_B3,WHITEFIELD,p3,WM-Semi-Automatic,WM2,1,12,INV-BLR_B3-20250912-0911,Card,EMP397,RAVI,HomeDelivery
BLR_B1,HSR,p1,TV-85IN,T4,3,20,INV-BLR_B1-20250920-0912,Card,EMP358,KISHORE,Pickup
BLR_B1,HSR,p2,AC-2T,A3,3,10,INV-BLR_B1-20250910-0913,EMI,EMP352,KISHORE,Pickup
BLR_B2,MAJESTIC,p2,AC-2T,A3,2,1,INV-BLR_B2-20250901-0914,UPI,EMP333,ROHIT,HomeDelivery
BLR_B4,EC_CITY,p4,FR-Small,FR1,1,27,INV-BLR_B4-20250927-0915,EMI,EMP352,ARUN,HomeDelivery
BLR_B1,HSR,p1,TV-85IN,T4,3,15,INV-BLR_B1-20250915-0916,EMI,EMP368,KISHORE,Pickup
BLR_B4,EC_CITY,p3,WM-Automatic,WM1,1,29,INV-BLR_B4-20250929-0917,UPI,EMP302,ARUN,Pickup
BLR_B2,MAJESTIC,p3,WM-Automatic,WM1,3,15,INV-BLR_B2-20250915-0918,Cash,EMP384,ROHIT,Pickup
BLR_B1,HSR,p3,WM-Automatic,WM1,2,10,INV-BLR_B1-20250910-0919,Card,EMP398,KISHORE,HomeDelivery
BLR_B4,EC_CITY,p4,FR-Big,FR2,3,17,INV-BLR_B4-20250917-0920,Card,EMP355,ARUN,Pickup
BLR_B4,EC_CITY,p1,TV-43IN,T2,2,12,INV-BLR_B4-20250912-0921,Cash,EMP319,ARUN,Pickup
BLR_B1,HSR,p4,FR-Small,FR1,3,13,INV-BLR_B1-20250913-0922,Card,EMP379,KISHORE,Pickup
BLR_B2,MAJESTIC,p1,TV-43IN,T2,3,18,INV-BLR_B2-20250918-0923,EMI,EMP335,ROHIT,HomeDelivery
BLR_B1,HSR,p3,WM-Automatic,WM1,1,22,INV-BLR_B1-20250922-0924,Cash,EMP375,KISHORE,HomeDelivery
BLR_B3,WHITEFIELD,p3,WM-Semi-Automatic,WM2,1,13,INV-BLR_B3-20250913-0925,Cash,EMP398,RAVI,HomeDelivery
BLR_B1,HSR,p2,AC-2T,A3,2,30,INV-BLR_B1-20250930-0926,UPI,EMP385,KISHORE,HomeDelivery
BLR_B4,EC_CITY,p3,WM-Normal,WM3,2,9,INV-BLR_B4-20250909-0927,UPI,EMP381,ARUN,HomeDelivery
BLR_B1,HSR,p4,FR-Big,FR2,3,19,INV-BLR_B1-20250919-0928,EMI,EMP343,KISHORE,Pickup
BLR_B3,WHITEFIELD,p2,AC-1.5T,A2,1,18,INV-BLR_B3-20250918-0929,EMI,EMP315,RAVI,Pickup
BLR_B1,HSR,p3,WM-Automatic,WM1,3,9,INV-BLR_B1-20250909-0930,Card,EMP321,KISHORE,Pickup
BLR_B4,EC_CITY,p2,AC-1T,A1,3,15,INV-BLR_B4-20250915-0931,Card,EMP368,ARUN,Pickup
BLR_B4,EC_CITY,p3,WM-Normal,WM3,1,1,INV-BLR_B4-20250901-0932,EMI,EMP351,ARUN,HomeDelivery
BLR_B2,MAJESTIC,p2,AC-2T,A3,3,16,INV-BLR_B2-20250916-0933,Card,EMP388,ROHIT,HomeDelivery
BLR_B2,MAJESTIC,p1,TV-32IN,T1,2,23,INV-BLR_B2-20250923-0934,Card,EMP302,ROHIT,HomeDelivery
BLR_B2,MAJESTIC,p3,WM-Semi-Automatic,WM2,3,27,INV-BLR_B2-20250927-0935,EMI,EMP344,ROHIT,Pickup
BLR_B3,WHITEFIELD,p2,AC-1.5T,A2,3,22,INV-BLR_B3-20250922-0936,Card,EMP349,RAVI,Pickup
BLR_B3,WHITEFIELD,p1,TV-43IN,T2,3,29,INV-BLR_B3-20250929-0937,Card,EMP356,RAVI,HomeDelivery
BLR_B1,HSR,p2,AC-1.5T,A2,2,1,INV-BLR_B1-20250901-0938,EMI,EMP330,KISHORE,HomeDelivery
BLR_B1,HSR,p2,AC-2T,A3,3,6,INV-BLR_B1-20250906-0939,EMI,EMP360,KISHORE,Pickup
BLR_B4,EC_CITY,p2,AC-2T,A3,2,13,INV-BLR_B4-20250913-0940,UPI,EMP309,ARUN,HomeDelivery
BLR_B1,HSR,p4,FR-Double-Door,FR3,2,11,INV-BLR_B1-20250911-0941,Card,EMP385,KISHORE,HomeDelivery
BLR_B1,HSR,p1,TV-32IN,T1,2,13,INV-BLR_B1-20250913-0942,UPI,EMP351,KISHORE,HomeDelivery
BLR_B4,EC_CITY,p1,TV-55IN,T3,1,11,INV-BLR_B4-20250911-0943,Card,EMP323,ARUN,Pickup
BLR_B1,HSR,p1,TV-32IN,T1,1,26,INV-BLR_B1-20250926-0944,UPI,EMP375,KISHORE,Pickup
BLR_B3,WHITEFIELD,p2,AC-1.5T,A2,1,3,INV-BLR_B3-20250903-0945,EMI,EMP372,RAVI,HomeDelivery
BLR_B4,EC_CITY,p3,WM-Normal,WM3,3,8,INV-BLR_B4-20250908-0946,UPI,EMP328,ARUN,Pickup
BLR_B1,HSR,p3,WM-Normal,WM3,3,19,INV-BLR_B1-20250919-0947,EMI,EMP310,KISHORE,Pickup
BLR_B2,MAJESTIC,p1,TV-43IN,T2,1,13,INV-BLR_B2-20250913-0948,Cash,EMP361,ROHIT,HomeDelivery
BLR_B1,HSR,p1,TV-43IN,T2,3,21,INV-BLR_B1-20250921-0949,Cash,EMP385,KISHORE,HomeDelivery
BLR_B3,WHITEFIELD,p2,AC-1T,A1,3,2,INV-BLR_B3-20250902-0950,UPI,EMP370,RAVI,HomeDelivery
BLR_B4,EC_CITY,p3,WM-Semi-Automatic,WM2,1,8,INV-BLR_B4-20250908-0951,EMI,EMP354,ARUN,HomeDelivery
BLR_B1,HSR,p4,FR-Double-Door,FR3,3,6,INV-BLR_B1-20250906-0952,Cash,EMP309,KISHORE,Pickup
BLR_B3,WHITEFIELD,p1,TV-55IN,T3,1,11,INV-BLR_B3-20250911-0953,Cash,EMP306,RAVI,Pickup
BLR_B1,HSR,p2,AC-1T,A1,3,11,INV-BLR_B1-20250911-0954,Cash,EMP362,KISHORE,Pickup
BLR_B2,MAJESTIC,p1,TV-32IN,T1,3,4,INV-BLR_B2-20250904-0955,EMI,EMP358,ROHIT,Pickup
BLR_B4,EC_CITY,p2,AC-1T,A1,3,8,INV-BLR_B4-20250908-0956,UPI,EMP392,ARUN,Pickup
BLR_B2,MAJESTIC,p3,WM-Automatic,WM1,1,25,INV-BLR_B2-20250925-0957,UPI,EMP400,ROHIT,HomeDelivery
BLR_B2,MAJESTIC,p1,TV-43IN,T2,3,15,INV-BLR_B2-20250915-0958,Cash,EMP359,ROHIT,Pickup
BLR_B1,HSR,p1,TV-85IN,T4,2,18,INV-BLR_B1-20250918-0959,UPI,EMP342,KISHORE,HomeDelivery
BLR_B2,MAJESTIC,p2,AC-1T,A1,3,3,INV-BLR_B2-20250903-0960,Cash,EMP386,ROHIT,HomeDelivery
BLR_B2,MAJESTIC,p1,TV-32IN,T1,1,3,INV-BLR_B2-20250903-0961,UPI,EMP394,ROHIT,Pickup
BLR_B1,HSR,p4,FR-Double-Door,FR3,3,10,INV-BLR_B1-20250910-0962,UPI,EMP327,KISHORE,Pickup
BLR_B2,MAJESTIC,p3,WM-Automatic,WM1,3,5,INV-BLR_B2-20250905-0963,Card,EMP387,ROHIT,Pickup
BLR_B3,WHITEFIELD,p3,WM-Semi-Automatic,WM2,1,20,INV-BLR_B3-20250920-0964,Cash,EMP316,RAVI,HomeDelivery
BLR_B3,WHITEFIELD,p4,FR-Double-Door,FR3,1,21,INV-BLR_B3-20250921-0965,Cash,EMP347,RAVI,HomeDelivery
BLR_B1,HSR,p3,WM-Automatic,WM1,3,27,INV-BLR_B1-20250927-0966,Cash,EMP321,KISHORE,HomeDelivery
BLR_B1,HSR,p3,WM-Normal,WM3,3,25,INV-BLR_B1-20250925-0967,Card,EMP386,KISHORE,HomeDelivery
BLR_B1,HSR,p2,AC-2T,A3,2,8,INV-BLR_B1-20250908-0968,Cash,EMP371,KISHORE,Pickup
BLR_B2,MAJESTIC,p1,TV-55IN,T3,1,15,INV-BLR_B2-20250915-0969,Cash,EMP381,ROHIT,Pickup
BLR_B2,MAJESTIC,p1,TV-85IN,T4,3,28,INV-BLR_B2-20250928-0970,Cash,EMP361,ROHIT,HomeDelivery
BLR_B2,MAJESTIC,p2,AC-2T,A3,1,14,INV-BLR_B2-20250914-0971,Cash,EMP319,ROHIT,Pickup
BLR_B1,HSR,p3,WM-Normal,WM3,3,22,INV-BLR_B1-20250922-0972,EMI,EMP335,KISHORE,Pickup
BLR_B2,MAJESTIC,p3,WM-Normal,WM3,1,14,INV-BLR_B2-20250914-0973,Cash,EMP371,ROHIT,HomeDelivery
BLR_B3,WHITEFIELD,p4,FR-Small,FR1,1,5,INV-BLR_B3-20250905-0974,Card,EMP328,RAVI,Pickup
BLR_B3,WHITEFIELD,p2,AC-2T,A3,1,21,INV-BLR_B3-20250921-0975,EMI,EMP368,RAVI,HomeDelivery
BLR_B1,HSR,p1,TV-43IN,T2,3,30,INV-BLR_B1-20250930-0976,Card,EMP348,KISHORE,HomeDelivery
BLR_B4,EC_CITY,p1,TV-55IN,T3,1,24,INV-BLR_B4-20250924-0977,Card,EMP369,ARUN,HomeDelivery
BLR_B1,HSR,p4,FR-Big,FR2,1,10,INV-BLR_B1-20250910-0978,EMI,EMP382,KISHORE,HomeDelivery
BLR_B3,WHITEFIELD,p1,TV-43IN,T2,2,1,INV-BLR_B3-20250901-0979,EMI,EMP373,RAVI,Pickup
BLR_B3,WHITEFIELD,p1,TV-55IN,T3,1,15,INV-BLR_B3-20250915-0980,UPI,EMP374,RAVI,HomeDelivery
BLR_B3,WHITEFIELD,p1,TV-43IN,T2,1,9,INV-BLR_B3-20250909-0981,EMI,EMP337,RAVI,Pickup
BLR_B3,WHITEFIELD,p3,WM-Normal,WM3,1,10,INV-BLR_B3-20250910-0982,Cash,EMP365,RAVI,Pickup
BLR_B1,HSR,p4,FR-Small,FR1,1,5,INV-BLR_B1-20250905-0983,Cash,EMP359,KISHORE,HomeDelivery
BLR_B3,WHITEFIELD,p2,AC-2T,A3,1,27,INV-BLR_B3-20250927-0984,Cash,EMP374,RAVI,HomeDelivery
BLR_B1,HSR,p4,FR-Small,FR1,2,28,INV-BLR_B1-20250928-0985,Card,EMP321,KISHORE,Pickup
BLR_B2,MAJESTIC,p2,AC-1T,A1,2,23,INV-BLR_B2-20250923-0986,Cash,EMP346,ROHIT,Pickup
BLR_B3,WHITEFIELD,p4,FR-Double-Door,FR3,3,6,INV-BLR_B3-20250906-0987,UPI,EMP342,RAVI,HomeDelivery
BLR_B4,EC_CITY,p2,AC-1T,A1,3,4,INV-BLR_B4-20250904-0988,Card,EMP332,ARUN,Pickup
BLR_B4,EC_CITY,p4,FR-Big,FR2,2,11,INV-BLR_B4-20250911-0989,Card,EMP372,ARUN,HomeDelivery
BLR_B2,MAJESTIC,p4,FR-Double-Door,FR3,3,20,INV-BLR_B2-20250920-0990,Cash,EMP309,ROHIT,HomeDelivery
BLR_B1,HSR,p1,TV-55IN,T3,3,12,INV-BLR_B1-20250912-0991,EMI,EMP357,KISHORE,Pickup
BLR_B2,MAJESTIC,p1,TV-85IN,T4,3,15,INV-BLR_B2-20250915-0992,Cash,EMP343,ROHIT,HomeDelivery
BLR_B2,MAJESTIC,p2,AC-1.5T,A2,3,7,INV-BLR_B2-20250907-0993,EMI,EMP340,ROHIT,Pickup
BLR_B4,EC_CITY,p2,AC-2T,A3,3,19,INV-BLR_B4-20250919-0994,UPI,EMP311,ARUN,HomeDelivery
BLR_B2,MAJESTIC,p3,WM-Normal,WM3,1,28,INV-BLR_B2-20250928-0995,Card,EMP368,ROHIT,Pickup
BLR_B3,WHITEFIELD,p1,TV-32IN,T1,1,2,INV-BLR_B3-20250902-0996,Card,EMP308,RAVI,Pickup
BLR_B2,MAJESTIC,p4,FR-Double-Door,FR3,2,23,INV-BLR_B2-20250923-0997,Card,EMP329,ROHIT,Pickup
BLR_B2,MAJESTIC,p4,FR-Double-Door,FR3,3,2,INV-BLR_B2-20250902-0998,EMI,EMP312,ROHIT,HomeDelivery
BLR_B4,EC_CITY,p3,WM-Semi-Automatic,WM2,2,9,INV-BLR_B4-20250909-0999,EMI,EMP313,ARUN,HomeDelivery
BLR_B4,EC_CITY,p4,FR-Big,FR2,2,26,INV-BLR_B4-20250926-1000,Cash,EMP330,ARUN,Pickup
